"","year","mean","se","lcl","ucl","species","colony","sp_col2"
"1",2007,0.756009,0.0431016,0.662161,0.8304619,"Atlantic puffin","Anda","Atlantic puffin-Anda"
"2",2009,0.8616166,0.0527172,0.7235618,0.9367527,"Atlantic puffin","Anda","Atlantic puffin-Anda"
"3",2010,0.9376062,0.048764,0.7457524,0.9871775,"Atlantic puffin","Anda","Atlantic puffin-Anda"
"4",2011,0.8503282,0.0524125,0.7170769,0.9271928,"Atlantic puffin","Anda","Atlantic puffin-Anda"
"5",2013,0.7841406,0.0687505,0.6210158,0.8895409,"Atlantic puffin","Anda","Atlantic puffin-Anda"
"6",2014,0.8551372,0.0527099,0.7194016,0.9314676,"Atlantic puffin","Anda","Atlantic puffin-Anda"
"7",2015,0.7330775,0.0524036,0.6190191,0.8227658,"Atlantic puffin","Anda","Atlantic puffin-Anda"
"8",2016,0.8602327,0.0447325,0.748006,0.9273341,"Atlantic puffin","Anda","Atlantic puffin-Anda"
"9",2017,0.8983041,0.039849,0.7897734,0.9540641,"Atlantic puffin","Anda","Atlantic puffin-Anda"
"10",2018,0.9575195,0.0538795,0.6269316,0.9967033,"Atlantic puffin","Anda","Atlantic puffin-Anda"
"11",2019,0.9776112,0.0915499,0.0118722,0.9999937,"Atlantic puffin","Anda","Atlantic puffin-Anda"
"12",2008,0.8015282,0.053035,0.6775293,0.8858774,"Atlantic puffin","Hjelmsøya","Atlantic puffin-Hjelmsøya"
"13",2009,0.9321026,0.0544504,0.7177084,0.986689,"Atlantic puffin","Hjelmsøya","Atlantic puffin-Hjelmsøya"
"14",2010,0.9786227,0.0737715,0.0436155,0.9999782,"Atlantic puffin","Hjelmsøya","Atlantic puffin-Hjelmsøya"
"15",2011,0.8877421,0.0959023,0.545303,0.981184,"Atlantic puffin","Hjelmsøya","Atlantic puffin-Hjelmsøya"
"16",2012,0.8043369,0.1331917,0.4390185,0.9557395,"Atlantic puffin","Hjelmsøya","Atlantic puffin-Hjelmsøya"
"17",2014,0.9264591,0.1375288,0.1942199,0.9984836,"Atlantic puffin","Hjelmsøya","Atlantic puffin-Hjelmsøya"
"18",2015,0.4774903,0.0749047,0.336586,0.6220705,"Atlantic puffin","Hjelmsøya","Atlantic puffin-Hjelmsøya"
"19",2016,0.937684,0.1109135,0.2671443,0.9983926,"Atlantic puffin","Hjelmsøya","Atlantic puffin-Hjelmsøya"
"20",2017,0.9241852,0.2424378,0.0136381,0.999907,"Atlantic puffin","Hjelmsøya","Atlantic puffin-Hjelmsøya"
"21",2018,0.6811098,0.5310645,0.0174051,0.9961322,"Atlantic puffin","Hjelmsøya","Atlantic puffin-Hjelmsøya"
"22",2019,0.4562662,1.7991655,5.63224e-07,0.9999992,"Atlantic puffin","Hjelmsøya","Atlantic puffin-Hjelmsøya"
"23",1992,0.8121264,0.0444788,0.7094085,0.8844497,"Atlantic puffin","Hornøya","Atlantic puffin-Hornøya"
"24",1993,0.9488677,0.0306907,0.8430402,0.9846426,"Atlantic puffin","Hornøya","Atlantic puffin-Hornøya"
"25",1994,0.9019001,0.0326871,0.8167387,0.9499139,"Atlantic puffin","Hornøya","Atlantic puffin-Hornøya"
"26",1995,0.8818071,0.0272462,0.817167,0.9256726,"Atlantic puffin","Hornøya","Atlantic puffin-Hornøya"
"27",1996,0.9353943,0.0196668,0.8844032,0.9647881,"Atlantic puffin","Hornøya","Atlantic puffin-Hornøya"
"28",1997,0.9431163,0.0223813,0.8797953,0.9740646,"Atlantic puffin","Hornøya","Atlantic puffin-Hornøya"
"29",1998,0.9317555,0.0247449,0.8642726,0.9669686,"Atlantic puffin","Hornøya","Atlantic puffin-Hornøya"
"30",1999,0.8504636,0.0312478,0.7784501,0.9020158,"Atlantic puffin","Hornøya","Atlantic puffin-Hornøya"
"31",2000,0.9262886,0.0319414,0.8339818,0.9691697,"Atlantic puffin","Hornøya","Atlantic puffin-Hornøya"
"32",2001,0.9508607,0.0383475,0.7948011,0.9897614,"Atlantic puffin","Hornøya","Atlantic puffin-Hornøya"
"33",2002,0.8116085,0.0456607,0.7058222,0.8855238,"Atlantic puffin","Hornøya","Atlantic puffin-Hornøya"
"34",2003,0.8823489,0.0535215,0.7319105,0.9537081,"Atlantic puffin","Hornøya","Atlantic puffin-Hornøya"
"35",2004,0.6618592,0.0569204,0.5431661,0.7631604,"Atlantic puffin","Hornøya","Atlantic puffin-Hornøya"
"36",2005,0.8404163,0.0709397,0.6512655,0.9369116,"Atlantic puffin","Hornøya","Atlantic puffin-Hornøya"
"37",2006,0.7962162,0.0537236,0.6712506,0.8820279,"Atlantic puffin","Hornøya","Atlantic puffin-Hornøya"
"38",2007,0.9019343,0.0431879,0.7793482,0.9599186,"Atlantic puffin","Hornøya","Atlantic puffin-Hornøya"
"39",2008,0.97323,0.0460132,0.5328918,0.9991376,"Atlantic puffin","Hornøya","Atlantic puffin-Hornøya"
"40",2009,0.8800748,0.0492916,0.7460705,0.9482657,"Atlantic puffin","Hornøya","Atlantic puffin-Hornøya"
"41",2010,0.8744345,0.0466763,0.7516702,0.9412524,"Atlantic puffin","Hornøya","Atlantic puffin-Hornøya"
"42",2011,0.817823,0.0551269,0.684915,0.9026377,"Atlantic puffin","Hornøya","Atlantic puffin-Hornøya"
"43",2012,0.861019,0.0601187,0.6982743,0.9431315,"Atlantic puffin","Hornøya","Atlantic puffin-Hornøya"
"44",2013,0.9519142,0.0737498,0.4569963,0.997857,"Atlantic puffin","Hornøya","Atlantic puffin-Hornøya"
"45",2014,0.6396787,0.0627299,0.5101331,0.7516444,"Atlantic puffin","Hornøya","Atlantic puffin-Hornøya"
"46",2015,0.6110965,0.0550338,0.4995128,0.7121392,"Atlantic puffin","Hornøya","Atlantic puffin-Hornøya"
"47",2016,0.9087764,0.0366468,0.8072697,0.9595037,"Atlantic puffin","Hornøya","Atlantic puffin-Hornøya"
"48",2017,0.9705262,0.0379555,0.7096443,0.997751,"Atlantic puffin","Hornøya","Atlantic puffin-Hornøya"
"49",2018,0.857746,0.0478367,0.7365827,0.9285818,"Atlantic puffin","Hornøya","Atlantic puffin-Hornøya"
"50",2019,0.5873492,0.0461259,0.4950019,0.6739333,"Atlantic puffin","Hornøya","Atlantic puffin-Hornøya"
"51",1991,0.9688758,0.0241974,0.8659256,0.9933792,"Atlantic puffin","Røst","Atlantic puffin-Røst"
"52",1992,0.9440374,0.0182624,0.8954776,0.9707732,"Atlantic puffin","Røst","Atlantic puffin-Røst"
"53",1993,0.9622603,0.0166522,0.9121223,0.9842852,"Atlantic puffin","Røst","Atlantic puffin-Røst"
"54",1994,0.9744743,0.0187777,0.8968397,0.9940703,"Atlantic puffin","Røst","Atlantic puffin-Røst"
"55",1995,0.8696228,0.0299251,0.7990405,0.9179601,"Atlantic puffin","Røst","Atlantic puffin-Røst"
"56",1996,0.8884393,0.0308999,0.812121,0.9361921,"Atlantic puffin","Røst","Atlantic puffin-Røst"
"57",1997,0.9138731,0.0292645,0.836598,0.9565038,"Atlantic puffin","Røst","Atlantic puffin-Røst"
"58",1998,0.815668,0.0368455,0.7324235,0.8773514,"Atlantic puffin","Røst","Atlantic puffin-Røst"
"59",1999,0.8992464,0.0283392,0.8286113,0.9427807,"Atlantic puffin","Røst","Atlantic puffin-Røst"
"60",2000,0.8957029,0.0269768,0.8298228,0.937985,"Atlantic puffin","Røst","Atlantic puffin-Røst"
"61",2001,0.8256331,0.0315945,0.7548858,0.8792275,"Atlantic puffin","Røst","Atlantic puffin-Røst"
"62",2002,0.8496936,0.0288346,0.7840935,0.897956,"Atlantic puffin","Røst","Atlantic puffin-Røst"
"63",2003,0.9070788,0.0241301,0.8477882,0.9447785,"Atlantic puffin","Røst","Atlantic puffin-Røst"
"64",2004,0.9151861,0.0237918,0.8554374,0.9516364,"Atlantic puffin","Røst","Atlantic puffin-Røst"
"65",2005,0.9174517,0.0236974,0.8575304,0.9535362,"Atlantic puffin","Røst","Atlantic puffin-Røst"
"66",2006,0.941912,0.0225695,0.8784092,0.9732591,"Atlantic puffin","Røst","Atlantic puffin-Røst"
"67",2007,0.8471852,0.0530346,0.7129539,0.925229,"Atlantic puffin","Røst","Atlantic puffin-Røst"
"68",2008,0.7977564,0.0535308,0.6730537,0.8831528,"Atlantic puffin","Røst","Atlantic puffin-Røst"
"69",2009,0.9539028,0.0246268,0.8734821,0.9841329,"Atlantic puffin","Røst","Atlantic puffin-Røst"
"70",2010,0.9392482,0.0276187,0.8568787,0.9755641,"Atlantic puffin","Røst","Atlantic puffin-Røst"
"71",2011,0.9154537,0.0331219,0.8239519,0.9616127,"Atlantic puffin","Røst","Atlantic puffin-Røst"
"72",2012,0.8902804,0.0370103,0.794291,0.9446025,"Atlantic puffin","Røst","Atlantic puffin-Røst"
"73",2013,0.9074743,0.0405162,0.7920626,0.9619094,"Atlantic puffin","Røst","Atlantic puffin-Røst"
"74",2014,0.9074386,0.0336827,0.8170915,0.9555848,"Atlantic puffin","Røst","Atlantic puffin-Røst"
"75",2008,0.8313655,0.0544591,0.6971958,0.9134647,"Atlantic puffin","Runde","Atlantic puffin-Runde"
"76",2009,0.8481097,0.0567114,0.7020299,0.9297412,"Atlantic puffin","Runde","Atlantic puffin-Runde"
"77",2010,0.928715,0.03409,0.8260458,0.9727844,"Atlantic puffin","Runde","Atlantic puffin-Runde"
"78",2011,0.8976118,0.0405079,0.787024,0.9541241,"Atlantic puffin","Runde","Atlantic puffin-Runde"
"79",2012,0.8546641,0.0439702,0.7460855,0.9216861,"Atlantic puffin","Runde","Atlantic puffin-Runde"
"80",2013,0.9206457,0.0387711,0.803922,0.9704396,"Atlantic puffin","Runde","Atlantic puffin-Runde"
"81",2014,0.8380516,0.0597951,0.68574,0.9246538,"Atlantic puffin","Runde","Atlantic puffin-Runde"
"82",2015,0.8168708,0.0684806,0.6452081,0.9162564,"Atlantic puffin","Runde","Atlantic puffin-Runde"
"83",2016,0.8204376,0.2515796,0.1385006,0.992358,"Atlantic puffin","Runde","Atlantic puffin-Runde"
"84",2017,0.9470964,0.9293599,2.912507e-15,1,"Atlantic puffin","Runde","Atlantic puffin-Runde"
"85",2018,0.9401076,2.4236661,3.590215e-36,1,"Atlantic puffin","Runde","Atlantic puffin-Runde"
"86",2019,0.9589944,11.020541,6.550878e-238,1,"Atlantic puffin","Runde","Atlantic puffin-Runde"
"87",2006,0.9282916,0.0243943,0.8632398,0.9637018,"Black-legged kittiwake","Anda","Black-legged kittiwake-Anda"
"88",2007,0.9226352,0.034064,0.8239501,0.9681411,"Black-legged kittiwake","Anda","Black-legged kittiwake-Anda"
"89",2008,0.8185571,0.0372319,0.7340485,0.8805809,"Black-legged kittiwake","Anda","Black-legged kittiwake-Anda"
"90",2009,0.7998015,0.0401821,0.709548,0.8672568,"Black-legged kittiwake","Anda","Black-legged kittiwake-Anda"
"91",2010,0.8602632,0.0395808,0.7635287,0.9214948,"Black-legged kittiwake","Anda","Black-legged kittiwake-Anda"
"92",2011,0.9481467,0.0431557,0.7659605,0.9903063,"Black-legged kittiwake","Anda","Black-legged kittiwake-Anda"
"93",2012,0.7888417,0.0466923,0.6832048,0.8661544,"Black-legged kittiwake","Anda","Black-legged kittiwake-Anda"
"94",2013,0.8566502,0.0388636,0.7626832,0.9174382,"Black-legged kittiwake","Anda","Black-legged kittiwake-Anda"
"95",2014,0.7298267,0.0422131,0.6397174,0.8042936,"Black-legged kittiwake","Anda","Black-legged kittiwake-Anda"
"96",2015,0.7813886,0.0403612,0.6922524,0.8502907,"Black-legged kittiwake","Anda","Black-legged kittiwake-Anda"
"97",2016,0.8194115,0.0407812,0.7255585,0.8862027,"Black-legged kittiwake","Anda","Black-legged kittiwake-Anda"
"98",2017,0.8774585,0.0342277,0.7932565,0.9303769,"Black-legged kittiwake","Anda","Black-legged kittiwake-Anda"
"99",2018,0.839529,0.0338035,0.761865,0.8953435,"Black-legged kittiwake","Anda","Black-legged kittiwake-Anda"
"100",2019,0.8439969,0.0337643,0.7659627,0.8994287,"Black-legged kittiwake","Anda","Black-legged kittiwake-Anda"
"101",2005,0.9535552,0.0251661,0.8708147,0.98426,"Black-legged kittiwake","Hjelmsøya","Black-legged kittiwake-Hjelmsøya"
"102",2006,0.9501192,0.0185613,0.898377,0.976214,"Black-legged kittiwake","Hjelmsøya","Black-legged kittiwake-Hjelmsøya"
"103",2007,0.9674941,0.017568,0.9087446,0.9888838,"Black-legged kittiwake","Hjelmsøya","Black-legged kittiwake-Hjelmsøya"
"104",2008,0.9744476,0.027807,0.8103472,0.9970706,"Black-legged kittiwake","Hjelmsøya","Black-legged kittiwake-Hjelmsøya"
"105",2009,0.9321653,0.0335299,0.8293646,0.9749067,"Black-legged kittiwake","Hjelmsøya","Black-legged kittiwake-Hjelmsøya"
"106",2010,0.829091,0.0341519,0.751533,0.8861083,"Black-legged kittiwake","Hjelmsøya","Black-legged kittiwake-Hjelmsøya"
"107",2011,0.8209312,0.0378567,0.7345681,0.8836455,"Black-legged kittiwake","Hjelmsøya","Black-legged kittiwake-Hjelmsøya"
"108",2013,0.8256931,0.0637358,0.6653955,0.9185928,"Black-legged kittiwake","Hjelmsøya","Black-legged kittiwake-Hjelmsøya"
"109",2014,0.7886795,0.056955,0.6563756,0.8794026,"Black-legged kittiwake","Hjelmsøya","Black-legged kittiwake-Hjelmsøya"
"110",2015,0.8788878,0.0674237,0.6770915,0.961707,"Black-legged kittiwake","Hjelmsøya","Black-legged kittiwake-Hjelmsøya"
"111",2016,0.8571826,0.0913183,0.5817701,0.962821,"Black-legged kittiwake","Hjelmsøya","Black-legged kittiwake-Hjelmsøya"
"112",2017,0.8342336,0.0630893,0.6729921,0.9248482,"Black-legged kittiwake","Hjelmsøya","Black-legged kittiwake-Hjelmsøya"
"113",2019,0.804811,0.3705028,0.0389372,0.9976226,"Black-legged kittiwake","Hjelmsøya","Black-legged kittiwake-Hjelmsøya"
"114",1991,0.9470045,0.0246315,0.8722654,0.9790625,"Black-legged kittiwake","Hornøya","Black-legged kittiwake-Hornøya"
"115",1993,0.9790904,0.0829984,0.0163068,0.9999924,"Black-legged kittiwake","Hornøya","Black-legged kittiwake-Hornøya"
"116",1994,0.5761972,0.0543955,0.4676905,0.6778224,"Black-legged kittiwake","Hornøya","Black-legged kittiwake-Hornøya"
"117",1995,0.7825083,0.0471644,0.6763768,0.8609876,"Black-legged kittiwake","Hornøya","Black-legged kittiwake-Hornøya"
"118",1996,0.8628904,0.0294379,0.7944274,0.9111042,"Black-legged kittiwake","Hornøya","Black-legged kittiwake-Hornøya"
"119",1997,0.9354045,0.0169693,0.8930599,0.9617012,"Black-legged kittiwake","Hornøya","Black-legged kittiwake-Hornøya"
"120",1998,0.8524828,0.0189499,0.8113583,0.8859028,"Black-legged kittiwake","Hornøya","Black-legged kittiwake-Hornøya"
"121",1999,0.8643611,0.0192333,0.8220733,0.8978473,"Black-legged kittiwake","Hornøya","Black-legged kittiwake-Hornøya"
"122",2000,0.8609565,0.0214138,0.8134603,0.8978776,"Black-legged kittiwake","Hornøya","Black-legged kittiwake-Hornøya"
"123",2001,0.9304738,0.0219882,0.8730066,0.963037,"Black-legged kittiwake","Hornøya","Black-legged kittiwake-Hornøya"
"124",2002,0.8600671,0.0311921,0.7871558,0.9108314,"Black-legged kittiwake","Hornøya","Black-legged kittiwake-Hornøya"
"125",2003,0.7524765,0.0364252,0.6744882,0.8168535,"Black-legged kittiwake","Hornøya","Black-legged kittiwake-Hornøya"
"126",2004,0.7941146,0.0629596,0.6445452,0.8913562,"Black-legged kittiwake","Hornøya","Black-legged kittiwake-Hornøya"
"127",2005,0.7011187,0.0550898,0.5835486,0.7970412,"Black-legged kittiwake","Hornøya","Black-legged kittiwake-Hornøya"
"128",2006,0.9473498,0.0441254,0.7606158,0.9902813,"Black-legged kittiwake","Hornøya","Black-legged kittiwake-Hornøya"
"129",2007,0.9021845,0.0379533,0.7987958,0.9554124,"Black-legged kittiwake","Hornøya","Black-legged kittiwake-Hornøya"
"130",2008,0.9329342,0.0402492,0.7976735,0.9800329,"Black-legged kittiwake","Hornøya","Black-legged kittiwake-Hornøya"
"131",2009,0.8116486,0.0427334,0.7135886,0.8817012,"Black-legged kittiwake","Hornøya","Black-legged kittiwake-Hornøya"
"132",2010,0.9230457,0.0394615,0.8014854,0.9727038,"Black-legged kittiwake","Hornøya","Black-legged kittiwake-Hornøya"
"133",2011,0.8941938,0.050317,0.7487446,0.9599479,"Black-legged kittiwake","Hornøya","Black-legged kittiwake-Hornøya"
"134",2012,0.7545671,0.0484134,0.6481101,0.8369215,"Black-legged kittiwake","Hornøya","Black-legged kittiwake-Hornøya"
"135",2013,0.9044599,0.0634866,0.6916381,0.9755839,"Black-legged kittiwake","Hornøya","Black-legged kittiwake-Hornøya"
"136",2014,0.7193711,0.0679389,0.5699707,0.8321521,"Black-legged kittiwake","Hornøya","Black-legged kittiwake-Hornøya"
"137",2015,0.7140116,0.0606571,0.582424,0.8171511,"Black-legged kittiwake","Hornøya","Black-legged kittiwake-Hornøya"
"138",2016,0.6999703,0.0558106,0.5808556,0.7970611,"Black-legged kittiwake","Hornøya","Black-legged kittiwake-Hornøya"
"139",2017,0.7903344,0.0581251,0.6546242,0.8823065,"Black-legged kittiwake","Hornøya","Black-legged kittiwake-Hornøya"
"140",2018,0.8070435,0.061555,0.6583973,0.9007571,"Black-legged kittiwake","Hornøya","Black-legged kittiwake-Hornøya"
"141",2019,0.7481268,0.093755,0.5283315,0.8873392,"Black-legged kittiwake","Hornøya","Black-legged kittiwake-Hornøya"
"142",2009,0.7720191,0.0714161,0.6045494,0.8823669,"Black-legged kittiwake","Isfjorden","Black-legged kittiwake-Isfjorden"
"143",2010,0.9477254,0.0293105,0.850428,0.9829958,"Black-legged kittiwake","Isfjorden","Black-legged kittiwake-Isfjorden"
"144",2011,0.9480452,0.0237722,0.8763242,0.9791633,"Black-legged kittiwake","Isfjorden","Black-legged kittiwake-Isfjorden"
"145",2012,0.8797803,0.0327452,0.799559,0.9306787,"Black-legged kittiwake","Isfjorden","Black-legged kittiwake-Isfjorden"
"146",2013,0.86277,0.037396,0.7719622,0.9211122,"Black-legged kittiwake","Isfjorden","Black-legged kittiwake-Isfjorden"
"147",2014,0.7116292,0.0515306,0.6013608,0.8014659,"Black-legged kittiwake","Isfjorden","Black-legged kittiwake-Isfjorden"
"148",2015,0.8848556,0.042339,0.7728994,0.9455106,"Black-legged kittiwake","Isfjorden","Black-legged kittiwake-Isfjorden"
"149",2016,0.8620843,0.0547607,0.7170698,0.9390862,"Black-legged kittiwake","Isfjorden","Black-legged kittiwake-Isfjorden"
"150",2017,0.7689701,0.0542155,0.6466545,0.8582273,"Black-legged kittiwake","Isfjorden","Black-legged kittiwake-Isfjorden"
"151",2018,0.7460851,0.0712365,0.5843885,0.8599489,"Black-legged kittiwake","Isfjorden","Black-legged kittiwake-Isfjorden"
"152",2019,0.8312624,0.0785516,0.621744,0.9365674,"Black-legged kittiwake","Isfjorden","Black-legged kittiwake-Isfjorden"
"153",2004,0.897823,0.0439303,0.774636,0.9573791,"Black-legged kittiwake","Røst","Black-legged kittiwake-Røst"
"154",2005,0.8284618,0.0465625,0.7175988,0.9017612,"Black-legged kittiwake","Røst","Black-legged kittiwake-Røst"
"155",2006,0.8884044,0.0352088,0.7987468,0.9410669,"Black-legged kittiwake","Røst","Black-legged kittiwake-Røst"
"156",2007,0.9305427,0.0277458,0.852414,0.9688245,"Black-legged kittiwake","Røst","Black-legged kittiwake-Røst"
"157",2008,0.8367366,0.0372924,0.7500893,0.8974494,"Black-legged kittiwake","Røst","Black-legged kittiwake-Røst"
"158",2009,0.8348919,0.0378126,0.7470723,0.896446,"Black-legged kittiwake","Røst","Black-legged kittiwake-Røst"
"159",2010,0.9140003,0.03331,0.8224296,0.9606108,"Black-legged kittiwake","Røst","Black-legged kittiwake-Røst"
"160",2011,0.9457828,0.0316592,0.8387422,0.983195,"Black-legged kittiwake","Røst","Black-legged kittiwake-Røst"
"161",2012,0.7866987,0.0448339,0.6859961,0.8616203,"Black-legged kittiwake","Røst","Black-legged kittiwake-Røst"
"162",2013,0.8146924,0.0474353,0.7036935,0.890576,"Black-legged kittiwake","Røst","Black-legged kittiwake-Røst"
"163",2014,0.8303276,0.0787115,0.6207898,0.936016,"Black-legged kittiwake","Røst","Black-legged kittiwake-Røst"
"164",2015,0.6840429,0.0611099,0.5543413,0.7902779,"Black-legged kittiwake","Røst","Black-legged kittiwake-Røst"
"165",2016,0.7651639,0.0532611,0.6457115,0.8534804,"Black-legged kittiwake","Røst","Black-legged kittiwake-Røst"
"166",2017,0.7942171,0.0496302,0.6803428,0.8749795,"Black-legged kittiwake","Røst","Black-legged kittiwake-Røst"
"167",2018,0.7450042,0.0457521,0.6456806,0.8240714,"Black-legged kittiwake","Røst","Black-legged kittiwake-Røst"
"168",2019,0.8128732,0.039441,0.7232372,0.8783611,"Black-legged kittiwake","Røst","Black-legged kittiwake-Røst"
"169",1991,0.8250308,0.0534118,0.6954248,0.9068712,"Brünnich's guillemot","Bjørnøya","Brünnich's guillemot-Bjørnøya"
"170",1992,0.9391793,0.0413652,0.7888021,0.9845782,"Brünnich's guillemot","Bjørnøya","Brünnich's guillemot-Bjørnøya"
"171",1993,0.9539362,0.0308821,0.8393086,0.9879676,"Brünnich's guillemot","Bjørnøya","Brünnich's guillemot-Bjørnøya"
"172",1994,0.9356871,0.0411639,0.7919606,0.9823334,"Brünnich's guillemot","Bjørnøya","Brünnich's guillemot-Bjørnøya"
"173",1996,0.9385974,0.0603081,0.6628305,0.9916568,"Brünnich's guillemot","Bjørnøya","Brünnich's guillemot-Bjørnøya"
"174",1998,0.7220651,0.0562945,0.5998718,0.8182485,"Brünnich's guillemot","Bjørnøya","Brünnich's guillemot-Bjørnøya"
"175",2001,0.7614291,0.075063,0.5867688,0.8776581,"Brünnich's guillemot","Bjørnøya","Brünnich's guillemot-Bjørnøya"
"176",2002,0.9593919,0.0821039,0.2752301,0.9993201,"Brünnich's guillemot","Bjørnøya","Brünnich's guillemot-Bjørnøya"
"177",2003,0.7659533,0.0874205,0.5572,0.8948619,"Brünnich's guillemot","Bjørnøya","Brünnich's guillemot-Bjørnøya"
"178",2004,0.7571631,0.0804181,0.5695319,0.8802116,"Brünnich's guillemot","Bjørnøya","Brünnich's guillemot-Bjørnøya"
"179",2005,0.8848583,0.0491587,0.7490534,0.9518899,"Brünnich's guillemot","Bjørnøya","Brünnich's guillemot-Bjørnøya"
"180",2006,0.9005228,0.0583089,0.7165225,0.970079,"Brünnich's guillemot","Bjørnøya","Brünnich's guillemot-Bjørnøya"
"181",2007,0.742046,0.0715796,0.5802216,0.8568754,"Brünnich's guillemot","Bjørnøya","Brünnich's guillemot-Bjørnøya"
"182",2008,0.5497647,0.0774664,0.3980269,0.6927767,"Brünnich's guillemot","Bjørnøya","Brünnich's guillemot-Bjørnøya"
"183",2009,0.8135854,0.0780429,0.6141776,0.9228737,"Brünnich's guillemot","Bjørnøya","Brünnich's guillemot-Bjørnøya"
"184",2010,0.9413729,0.0554516,0.6914378,0.9913836,"Brünnich's guillemot","Bjørnøya","Brünnich's guillemot-Bjørnøya"
"185",2011,0.8029539,0.0846318,0.5881808,0.9208002,"Brünnich's guillemot","Bjørnøya","Brünnich's guillemot-Bjørnøya"
"186",2012,0.9240958,0.0602117,0.6935665,0.9849593,"Brünnich's guillemot","Bjørnøya","Brünnich's guillemot-Bjørnøya"
"187",2013,0.9297286,0.060942,0.6801076,0.9880002,"Brünnich's guillemot","Bjørnøya","Brünnich's guillemot-Bjørnøya"
"188",2015,0.8765191,0.0709379,0.6626791,0.9624745,"Brünnich's guillemot","Bjørnøya","Brünnich's guillemot-Bjørnøya"
"189",2016,0.9628978,0.0415372,0.7265986,0.9960697,"Brünnich's guillemot","Bjørnøya","Brünnich's guillemot-Bjørnøya"
"190",2017,0.9438663,0.0466852,0.7493623,0.9895359,"Brünnich's guillemot","Bjørnøya","Brünnich's guillemot-Bjørnøya"
"191",2018,0.9057274,0.0553544,0.7294632,0.9716177,"Brünnich's guillemot","Bjørnøya","Brünnich's guillemot-Bjørnøya"
"192",2006,0.9695396,0.0662542,0.2815618,0.9996133,"Brünnich's guillemot","Isfjorden","Brünnich's guillemot-Isfjorden"
"193",2007,0.8729337,0.074787,0.6469456,0.962625,"Brünnich's guillemot","Isfjorden","Brünnich's guillemot-Isfjorden"
"194",2008,0.9052822,0.0546823,0.732513,0.9708942,"Brünnich's guillemot","Isfjorden","Brünnich's guillemot-Isfjorden"
"195",2009,0.9204534,0.0481327,0.7613432,0.9767287,"Brünnich's guillemot","Isfjorden","Brünnich's guillemot-Isfjorden"
"196",2011,0.8166647,0.0466426,0.7075103,0.8913398,"Brünnich's guillemot","Isfjorden","Brünnich's guillemot-Isfjorden"
"197",2012,0.9209672,0.0201848,0.8712464,0.9525334,"Brünnich's guillemot","Isfjorden","Brünnich's guillemot-Isfjorden"
"198",2013,0.8882663,0.0276612,0.8215513,0.9321005,"Brünnich's guillemot","Isfjorden","Brünnich's guillemot-Isfjorden"
"199",2014,0.8144138,0.036675,0.731718,0.875941,"Brünnich's guillemot","Isfjorden","Brünnich's guillemot-Isfjorden"
"200",2005,0.9676276,0.0601673,0.4092209,0.9992253,"Common guillemot","Hjelmsøya","Common guillemot-Hjelmsøya"
"201",2007,0.7352333,0.0876207,0.534725,0.8702932,"Common guillemot","Hjelmsøya","Common guillemot-Hjelmsøya"
"202",2010,0.652552,0.0749355,0.4956199,0.7821216,"Common guillemot","Hjelmsøya","Common guillemot-Hjelmsøya"
"203",2012,0.7087897,0.0781582,0.536768,0.8364008,"Common guillemot","Hjelmsøya","Common guillemot-Hjelmsøya"
"204",2014,0.6568285,0.0735042,0.5025098,0.783867,"Common guillemot","Hjelmsøya","Common guillemot-Hjelmsøya"
"205",2015,0.8145991,0.0725451,0.6315102,0.9184634,"Common guillemot","Hjelmsøya","Common guillemot-Hjelmsøya"
"206",2016,0.8776026,0.0712889,0.661308,0.9634103,"Common guillemot","Hjelmsøya","Common guillemot-Hjelmsøya"
"207",2017,0.9049827,0.0723601,0.6466871,0.9802219,"Common guillemot","Hjelmsøya","Common guillemot-Hjelmsøya"
"208",2019,0.7588033,0.0832922,0.5631954,0.8847416,"Common guillemot","Hjelmsøya","Common guillemot-Hjelmsøya"
"209",2012,0.9272996,0.0615644,0.6804914,0.9870781,"Common guillemot","Jan Mayen","Common guillemot-Jan Mayen"
"210",2014,0.8447162,0.0753539,0.6382511,0.9437317,"Common guillemot","Jan Mayen","Common guillemot-Jan Mayen"
"211",2015,0.7864736,0.0778487,0.597534,0.9013573,"Common guillemot","Jan Mayen","Common guillemot-Jan Mayen"
"212",2016,0.8286165,0.0723315,0.6405044,0.9291795,"Common guillemot","Jan Mayen","Common guillemot-Jan Mayen"
"213",2017,0.873496,0.067504,0.6758757,0.9580964,"Common guillemot","Jan Mayen","Common guillemot-Jan Mayen"
"214",2018,0.9160667,0.0556439,0.7254425,0.9783002,"Common guillemot","Jan Mayen","Common guillemot-Jan Mayen"
"215",2006,0.9176153,0.045709,0.7729931,0.9732854,"Little auk","Bjørnøya","Little auk-Bjørnøya"
"216",2007,0.8121149,0.0331999,0.7383377,0.8687869,"Little auk","Bjørnøya","Little auk-Bjørnøya"
"217",2008,0.804755,0.027413,0.7454192,0.8529888,"Little auk","Bjørnøya","Little auk-Bjørnøya"
"218",2009,0.8093852,0.02429,0.7572089,0.8525324,"Little auk","Bjørnøya","Little auk-Bjørnøya"
"219",2010,0.8005016,0.0235746,0.7502785,0.842741,"Little auk","Bjørnøya","Little auk-Bjørnøya"
"220",2011,0.849657,0.0201384,0.8057953,0.8850259,"Little auk","Bjørnøya","Little auk-Bjørnøya"
"221",2012,0.8840807,0.0172143,0.8458512,0.9137954,"Little auk","Bjørnøya","Little auk-Bjørnøya"
"222",2013,0.7463982,0.0224948,0.6998469,0.7879176,"Little auk","Bjørnøya","Little auk-Bjørnøya"
"223",2014,0.834266,0.0196291,0.7921469,0.8692588,"Little auk","Bjørnøya","Little auk-Bjørnøya"
"224",2015,0.7088731,0.0243021,0.6590604,0.754123,"Little auk","Bjørnøya","Little auk-Bjørnøya"
"225",2016,0.9097585,0.0166748,0.8713105,0.9375429,"Little auk","Bjørnøya","Little auk-Bjørnøya"
"226",2017,0.8567116,0.02062,0.8113816,0.8925897,"Little auk","Bjørnøya","Little auk-Bjørnøya"
"227",2018,0.7360295,0.0262135,0.6815687,0.7841261,"Little auk","Bjørnøya","Little auk-Bjørnøya"
"228",2019,0.8083333,0.0254076,0.7535785,0.8532902,"Little auk","Bjørnøya","Little auk-Bjørnøya"
"229",2006,0.7406332,0.0677765,0.5884889,0.850789,"Little auk","Isfjorden","Little auk-Isfjorden"
"230",2007,0.8887548,0.0665051,0.681285,0.9675945,"Little auk","Isfjorden","Little auk-Isfjorden"
"231",2008,0.8476096,0.0578759,0.6979932,0.9304866,"Little auk","Isfjorden","Little auk-Isfjorden"
"232",2009,0.8191549,0.0510931,0.6973338,0.8990425,"Little auk","Isfjorden","Little auk-Isfjorden"
"233",2010,0.8757567,0.0453578,0.756906,0.9410276,"Little auk","Isfjorden","Little auk-Isfjorden"
"234",2011,0.8883102,0.0410755,0.7793957,0.9471021,"Little auk","Isfjorden","Little auk-Isfjorden"
"235",2012,0.8996594,0.0349763,0.8075298,0.9503982,"Little auk","Isfjorden","Little auk-Isfjorden"
"236",2013,0.7725455,0.0343508,0.698378,0.8328407,"Little auk","Isfjorden","Little auk-Isfjorden"
"237",2014,0.8940792,0.0473201,0.760193,0.9574041,"Little auk","Isfjorden","Little auk-Isfjorden"
"238",2015,0.742816,0.0458828,0.6433459,0.8222105,"Little auk","Isfjorden","Little auk-Isfjorden"
"239",2016,0.7186513,0.0588612,0.5907807,0.8188193,"Little auk","Isfjorden","Little auk-Isfjorden"
"240",2017,0.8386156,0.0682152,0.6592747,0.9331343,"Little auk","Isfjorden","Little auk-Isfjorden"
"241",2018,0.7267942,0.070713,0.5696492,0.8424293,"Little auk","Isfjorden","Little auk-Isfjorden"
"242",2019,0.6417279,0.0603848,0.5170168,0.7498195,"Little auk","Isfjorden","Little auk-Isfjorden"
"243",2007,0.8473468,0.0223251,0.7982924,0.8861724,"Little auk","Kongsfjorden","Little auk-Kongsfjorden"
"244",2008,0.8255982,0.0246968,0.7718105,0.8688616,"Little auk","Kongsfjorden","Little auk-Kongsfjorden"
"245",2009,0.7920896,0.0272173,0.7337315,0.8404388,"Little auk","Kongsfjorden","Little auk-Kongsfjorden"
"246",2010,0.8415238,0.0321444,0.7680241,0.8949219,"Little auk","Kongsfjorden","Little auk-Kongsfjorden"
"247",2011,0.718788,0.0380574,0.6386313,0.7870923,"Little auk","Kongsfjorden","Little auk-Kongsfjorden"
"248",2012,0.9213658,0.0366943,0.8128088,0.9693423,"Little auk","Kongsfjorden","Little auk-Kongsfjorden"
"249",2013,0.7182579,0.0456198,0.6210444,0.7986197,"Little auk","Kongsfjorden","Little auk-Kongsfjorden"
"250",2014,0.8860029,0.0875734,0.5868923,0.9770217,"Little auk","Kongsfjorden","Little auk-Kongsfjorden"
"251",2015,0.6104425,0.0820164,0.4435374,0.7549452,"Little auk","Kongsfjorden","Little auk-Kongsfjorden"
"252",2016,0.9264351,0.0446256,0.7772649,0.9784703,"Little auk","Kongsfjorden","Little auk-Kongsfjorden"
"253",2017,0.9167509,0.0593192,0.7059046,0.9805911,"Little auk","Kongsfjorden","Little auk-Kongsfjorden"
"254",2018,0.7690066,0.1490321,0.3913396,0.9451689,"Little auk","Kongsfjorden","Little auk-Kongsfjorden"
