year;species;site;year;season;MeanAut_SST
1980;Atlantic puffin;Anda;1980;Aut;5.549159216
1981;Atlantic puffin;Anda;1981;Aut;5.650132376
1982;Atlantic puffin;Anda;1982;Aut;4.639533271
1983;Atlantic puffin;Anda;1983;Aut;5.986381055
1984;Atlantic puffin;Anda;1984;Aut;6.063343886
1985;Atlantic puffin;Anda;1985;Aut;5.738027504
1986;Atlantic puffin;Anda;1986;Aut;5.692471263
1987;Atlantic puffin;Anda;1987;Aut;4.920148405
1988;Atlantic puffin;Anda;1988;Aut;5.668148253
1989;Atlantic puffin;Anda;1989;Aut;5.721622555
1990;Atlantic puffin;Anda;1990;Aut;6.532594174
1991;Atlantic puffin;Anda;1991;Aut;5.83140579
1992;Atlantic puffin;Anda;1992;Aut;5.815652216
1993;Atlantic puffin;Anda;1993;Aut;6.499133401
1994;Atlantic puffin;Anda;1994;Aut;6.168117236
1995;Atlantic puffin;Anda;1995;Aut;5.509371298
1996;Atlantic puffin;Anda;1996;Aut;5.652313132
1997;Atlantic puffin;Anda;1997;Aut;5.701177278
1998;Atlantic puffin;Anda;1998;Aut;6.610647633
1999;Atlantic puffin;Anda;1999;Aut;6.160636927
2000;Atlantic puffin;Anda;2000;Aut;6.228357934
2001;Atlantic puffin;Anda;2001;Aut;7.070703625
2002;Atlantic puffin;Anda;2002;Aut;6.28812486
2003;Atlantic puffin;Anda;2003;Aut;5.2777784
2004;Atlantic puffin;Anda;2004;Aut;7.62687548
2005;Atlantic puffin;Anda;2005;Aut;6.820960773
2006;Atlantic puffin;Anda;2006;Aut;6.595820092
2007;Atlantic puffin;Anda;2007;Aut;7.081863553
2008;Atlantic puffin;Anda;2008;Aut;5.559407619
2009;Atlantic puffin;Anda;2009;Aut;5.604029321
2010;Atlantic puffin;Anda;2010;Aut;5.930223209
2011;Atlantic puffin;Anda;2011;Aut;7.561362245
2012;Atlantic puffin;Anda;2012;Aut;6.722977835
2013;Atlantic puffin;Anda;2013;Aut;8.380840264
2014;Atlantic puffin;Anda;2014;Aut;7.087590352
2015;Atlantic puffin;Anda;2015;Aut;7.251009481
2016;Atlantic puffin;Anda;2016;Aut;6.587059046
2017;Atlantic puffin;Anda;2017;Aut;6.651751809
2018;Atlantic puffin;Anda;2018;Aut;5.743424112
2019;Atlantic puffin;Anda;2019;Aut;7.159575315
2020;Atlantic puffin;Anda;2020;Aut;7.390672928
2021;Atlantic puffin;Anda;2021;Aut;7.075118668
2022;Atlantic puffin;Anda;2022;Aut;7.01861112
2023;Atlantic puffin;Anda;2023;Aut;6.310595803
2024;Atlantic puffin;Anda;2024;Aut;7.039365575
2025;Atlantic puffin;Anda;2025;Aut;7.269036865
2026;Atlantic puffin;Anda;2026;Aut;8.114651439
2027;Atlantic puffin;Anda;2027;Aut;7.461294606
2028;Atlantic puffin;Anda;2028;Aut;7.362207031
2029;Atlantic puffin;Anda;2029;Aut;7.807233867
2030;Atlantic puffin;Anda;2030;Aut;7.532446089
2031;Atlantic puffin;Anda;2031;Aut;6.862589251
2032;Atlantic puffin;Anda;2032;Aut;6.850403733
2033;Atlantic puffin;Anda;2033;Aut;6.866474489
2034;Atlantic puffin;Anda;2034;Aut;7.661398866
2035;Atlantic puffin;Anda;2035;Aut;7.467161985
2036;Atlantic puffin;Anda;2036;Aut;7.414221992
2037;Atlantic puffin;Anda;2037;Aut;8.125873903
2038;Atlantic puffin;Anda;2038;Aut;7.346345895
2039;Atlantic puffin;Anda;2039;Aut;6.258008013
2040;Atlantic puffin;Anda;2040;Aut;8.676273433
2041;Atlantic puffin;Anda;2041;Aut;8.160214684
2042;Atlantic puffin;Anda;2042;Aut;8.011887747
2043;Atlantic puffin;Anda;2043;Aut;8.532185439
2044;Atlantic puffin;Anda;2044;Aut;6.907748263
2045;Atlantic puffin;Anda;2045;Aut;6.948318632
2046;Atlantic puffin;Anda;2046;Aut;7.315167937
2047;Atlantic puffin;Anda;2047;Aut;8.790023454
2048;Atlantic puffin;Anda;2048;Aut;8.112993484
2049;Atlantic puffin;Anda;2049;Aut;9.650800761
2050;Atlantic puffin;Anda;2050;Aut;8.200941642
1980;Atlantic puffin;Hjelmsøya;1980;Aut;5.041828088
1981;Atlantic puffin;Hjelmsøya;1981;Aut;5.32285661
1982;Atlantic puffin;Hjelmsøya;1982;Aut;4.300610455
1983;Atlantic puffin;Hjelmsøya;1983;Aut;5.829268649
1984;Atlantic puffin;Hjelmsøya;1984;Aut;6.015330589
1985;Atlantic puffin;Hjelmsøya;1985;Aut;5.419574412
1986;Atlantic puffin;Hjelmsøya;1986;Aut;5.624269329
1987;Atlantic puffin;Hjelmsøya;1987;Aut;4.458488059
1988;Atlantic puffin;Hjelmsøya;1988;Aut;5.387253078
1989;Atlantic puffin;Hjelmsøya;1989;Aut;5.368751957
1990;Atlantic puffin;Hjelmsøya;1990;Aut;6.22201417
1991;Atlantic puffin;Hjelmsøya;1991;Aut;5.387320036
1992;Atlantic puffin;Hjelmsøya;1992;Aut;5.382612346
1993;Atlantic puffin;Hjelmsøya;1993;Aut;6.316786059
1994;Atlantic puffin;Hjelmsøya;1994;Aut;5.922485043
1995;Atlantic puffin;Hjelmsøya;1995;Aut;5.509991944
1996;Atlantic puffin;Hjelmsøya;1996;Aut;5.27339032
1997;Atlantic puffin;Hjelmsøya;1997;Aut;5.383199004
1998;Atlantic puffin;Hjelmsøya;1998;Aut;6.153760899
1999;Atlantic puffin;Hjelmsøya;1999;Aut;5.702687916
2000;Atlantic puffin;Hjelmsøya;2000;Aut;6.365965973
2001;Atlantic puffin;Hjelmsøya;2001;Aut;6.96802242
2002;Atlantic puffin;Hjelmsøya;2002;Aut;5.659061944
2003;Atlantic puffin;Hjelmsøya;2003;Aut;4.524154676
2004;Atlantic puffin;Hjelmsøya;2004;Aut;7.513966183
2005;Atlantic puffin;Hjelmsøya;2005;Aut;6.554727881
2006;Atlantic puffin;Hjelmsøya;2006;Aut;6.06687877
2007;Atlantic puffin;Hjelmsøya;2007;Aut;6.858060246
2008;Atlantic puffin;Hjelmsøya;2008;Aut;5.382086465
2009;Atlantic puffin;Hjelmsøya;2009;Aut;5.459332765
2010;Atlantic puffin;Hjelmsøya;2010;Aut;5.532654787
2011;Atlantic puffin;Hjelmsøya;2011;Aut;7.377170173
2012;Atlantic puffin;Hjelmsøya;2012;Aut;6.600709759
2013;Atlantic puffin;Hjelmsøya;2013;Aut;8.465902414
2014;Atlantic puffin;Hjelmsøya;2014;Aut;6.821236217
2015;Atlantic puffin;Hjelmsøya;2015;Aut;7.241310551
2016;Atlantic puffin;Hjelmsøya;2016;Aut;6.216898549
2017;Atlantic puffin;Hjelmsøya;2017;Aut;6.428184747
2018;Atlantic puffin;Hjelmsøya;2018;Aut;5.548471906
2019;Atlantic puffin;Hjelmsøya;2019;Aut;7.226580733
2020;Atlantic puffin;Hjelmsøya;2020;Aut;7.541694171
2021;Atlantic puffin;Hjelmsøya;2021;Aut;6.902013285
2022;Atlantic puffin;Hjelmsøya;2022;Aut;7.037393897
2023;Atlantic puffin;Hjelmsøya;2023;Aut;6.00099222
2024;Atlantic puffin;Hjelmsøya;2024;Aut;6.933905055
2025;Atlantic puffin;Hjelmsøya;2025;Aut;7.136770978
2026;Atlantic puffin;Hjelmsøya;2026;Aut;8.0498188
2027;Atlantic puffin;Hjelmsøya;2027;Aut;7.279799269
2028;Atlantic puffin;Hjelmsøya;2028;Aut;7.201850421
2029;Atlantic puffin;Hjelmsøya;2029;Aut;7.854857059
2030;Atlantic puffin;Hjelmsøya;2030;Aut;7.554984898
2031;Atlantic puffin;Hjelmsøya;2031;Aut;7.15512788
2032;Atlantic puffin;Hjelmsøya;2032;Aut;6.691018097
2033;Atlantic puffin;Hjelmsøya;2033;Aut;6.705449178
2034;Atlantic puffin;Hjelmsøya;2034;Aut;7.355462775
2035;Atlantic puffin;Hjelmsøya;2035;Aut;7.235379582
2036;Atlantic puffin;Hjelmsøya;2036;Aut;7.930093062
2037;Atlantic puffin;Hjelmsøya;2037;Aut;8.390894585
2038;Atlantic puffin;Hjelmsøya;2038;Aut;7.110870439
2039;Atlantic puffin;Hjelmsøya;2039;Aut;5.845655945
2040;Atlantic puffin;Hjelmsøya;2040;Aut;8.852450162
2041;Atlantic puffin;Hjelmsøya;2041;Aut;8.286763973
2042;Atlantic puffin;Hjelmsøya;2042;Aut;7.954667309
2043;Atlantic puffin;Hjelmsøya;2043;Aut;8.716040451
2044;Atlantic puffin;Hjelmsøya;2044;Aut;7.059685893
2045;Atlantic puffin;Hjelmsøya;2045;Aut;7.062974065
2046;Atlantic puffin;Hjelmsøya;2046;Aut;7.202769296
2047;Atlantic puffin;Hjelmsøya;2047;Aut;8.845624011
2048;Atlantic puffin;Hjelmsøya;2048;Aut;8.22475689
2049;Atlantic puffin;Hjelmsøya;2049;Aut;10.00028967
2050;Atlantic puffin;Hjelmsøya;2050;Aut;8.147762971
1980;Atlantic puffin;Hornøya;1980;Aut;5.707553519
1981;Atlantic puffin;Hornøya;1981;Aut;6.259488454
1982;Atlantic puffin;Hornøya;1982;Aut;5.541203398
1983;Atlantic puffin;Hornøya;1983;Aut;6.736187385
1984;Atlantic puffin;Hornøya;1984;Aut;7.23498224
1985;Atlantic puffin;Hornøya;1985;Aut;6.21158543
1986;Atlantic puffin;Hornøya;1986;Aut;6.238494753
1987;Atlantic puffin;Hornøya;1987;Aut;5.516846182
1988;Atlantic puffin;Hornøya;1988;Aut;6.786449836
1989;Atlantic puffin;Hornøya;1989;Aut;7.504425528
1990;Atlantic puffin;Hornøya;1990;Aut;7.755886781
1991;Atlantic puffin;Hornøya;1991;Aut;6.702515726
1992;Atlantic puffin;Hornøya;1992;Aut;6.374050245
1993;Atlantic puffin;Hornøya;1993;Aut;7.219845521
1994;Atlantic puffin;Hornøya;1994;Aut;7.222367111
1995;Atlantic puffin;Hornøya;1995;Aut;6.829908663
1996;Atlantic puffin;Hornøya;1996;Aut;6.009326292
1997;Atlantic puffin;Hornøya;1997;Aut;6.416296746
1998;Atlantic puffin;Hornøya;1998;Aut;6.804951866
1999;Atlantic puffin;Hornøya;1999;Aut;6.655550968
2000;Atlantic puffin;Hornøya;2000;Aut;8.280416332
2001;Atlantic puffin;Hornøya;2001;Aut;7.926007319
2002;Atlantic puffin;Hornøya;2002;Aut;6.603184001
2003;Atlantic puffin;Hornøya;2003;Aut;7.007520967
2004;Atlantic puffin;Hornøya;2004;Aut;8.839861582
2005;Atlantic puffin;Hornøya;2005;Aut;8.047385302
2006;Atlantic puffin;Hornøya;2006;Aut;7.084276267
2007;Atlantic puffin;Hornøya;2007;Aut;7.83054295
2008;Atlantic puffin;Hornøya;2008;Aut;6.66828338
2009;Atlantic puffin;Hornøya;2009;Aut;7.258232446
2010;Atlantic puffin;Hornøya;2010;Aut;6.288125311
2011;Atlantic puffin;Hornøya;2011;Aut;8.561491005
2012;Atlantic puffin;Hornøya;2012;Aut;7.871435308
2013;Atlantic puffin;Hornøya;2013;Aut;10.12488379
2014;Atlantic puffin;Hornøya;2014;Aut;7.807012102
2015;Atlantic puffin;Hornøya;2015;Aut;8.343022844
2016;Atlantic puffin;Hornøya;2016;Aut;7.044955863
2017;Atlantic puffin;Hornøya;2017;Aut;7.481829355
2018;Atlantic puffin;Hornøya;2018;Aut;6.963281848
2019;Atlantic puffin;Hornøya;2019;Aut;8.439140051
2020;Atlantic puffin;Hornøya;2020;Aut;9.094645661
2021;Atlantic puffin;Hornøya;2021;Aut;7.793688486
2022;Atlantic puffin;Hornøya;2022;Aut;7.726423555
2023;Atlantic puffin;Hornøya;2023;Aut;6.982448683
2024;Atlantic puffin;Hornøya;2024;Aut;8.246594478
2025;Atlantic puffin;Hornøya;2025;Aut;9.124748559
2026;Atlantic puffin;Hornøya;2026;Aut;9.375248808
2027;Atlantic puffin;Hornøya;2027;Aut;8.256662286
2028;Atlantic puffin;Hornøya;2028;Aut;7.894614904
2029;Atlantic puffin;Hornøya;2029;Aut;8.766709152
2030;Atlantic puffin;Hornøya;2030;Aut;8.735071998
2031;Atlantic puffin;Hornøya;2031;Aut;8.610550106
2032;Atlantic puffin;Hornøya;2032;Aut;7.587777411
2033;Atlantic puffin;Hornøya;2033;Aut;7.757544903
2034;Atlantic puffin;Hornøya;2034;Aut;8.055672919
2035;Atlantic puffin;Hornøya;2035;Aut;8.007260072
2036;Atlantic puffin;Hornøya;2036;Aut;9.735095335
2037;Atlantic puffin;Hornøya;2037;Aut;9.059863401
2038;Atlantic puffin;Hornøya;2038;Aut;7.884238928
2039;Atlantic puffin;Hornøya;2039;Aut;8.196848432
2040;Atlantic puffin;Hornøya;2040;Aut;10.06880326
2041;Atlantic puffin;Hornøya;2041;Aut;9.555817129
2042;Atlantic puffin;Hornøya;2042;Aut;8.805317479
2043;Atlantic puffin;Hornøya;2043;Aut;9.544024778
2044;Atlantic puffin;Hornøya;2044;Aut;8.407046928
2045;Atlantic puffin;Hornøya;2045;Aut;8.859164249
2046;Atlantic puffin;Hornøya;2046;Aut;7.945306396
2047;Atlantic puffin;Hornøya;2047;Aut;10.12518598
2048;Atlantic puffin;Hornøya;2048;Aut;9.522140682
2049;Atlantic puffin;Hornøya;2049;Aut;11.58488722
2050;Atlantic puffin;Hornøya;2050;Aut;9.267692297
1980;Atlantic puffin;Røst;1980;Aut;4.6511608
1981;Atlantic puffin;Røst;1981;Aut;4.771497067
1982;Atlantic puffin;Røst;1982;Aut;3.711689485
1983;Atlantic puffin;Røst;1983;Aut;5.049390133
1984;Atlantic puffin;Røst;1984;Aut;5.253868012
1985;Atlantic puffin;Røst;1985;Aut;4.913665327
1986;Atlantic puffin;Røst;1986;Aut;4.893892361
1987;Atlantic puffin;Røst;1987;Aut;4.058086229
1988;Atlantic puffin;Røst;1988;Aut;4.637705984
1989;Atlantic puffin;Røst;1989;Aut;4.659176211
1990;Atlantic puffin;Røst;1990;Aut;5.519383876
1991;Atlantic puffin;Røst;1991;Aut;4.934632318
1992;Atlantic puffin;Røst;1992;Aut;4.886749631
1993;Atlantic puffin;Røst;1993;Aut;5.57059116
1994;Atlantic puffin;Røst;1994;Aut;5.178241411
1995;Atlantic puffin;Røst;1995;Aut;4.684788746
1996;Atlantic puffin;Røst;1996;Aut;4.793322188
1997;Atlantic puffin;Røst;1997;Aut;4.816796067
1998;Atlantic puffin;Røst;1998;Aut;5.595598597
1999;Atlantic puffin;Røst;1999;Aut;5.341745298
2000;Atlantic puffin;Røst;2000;Aut;5.414548518
2001;Atlantic puffin;Røst;2001;Aut;6.239922489
2002;Atlantic puffin;Røst;2002;Aut;5.450212047
2003;Atlantic puffin;Røst;2003;Aut;4.414678672
2004;Atlantic puffin;Røst;2004;Aut;6.607821797
2005;Atlantic puffin;Røst;2005;Aut;5.960768703
2006;Atlantic puffin;Røst;2006;Aut;5.919056631
2007;Atlantic puffin;Røst;2007;Aut;6.289113996
2008;Atlantic puffin;Røst;2008;Aut;4.817551932
2009;Atlantic puffin;Røst;2009;Aut;4.824611396
2010;Atlantic puffin;Røst;2010;Aut;5.135480423
2011;Atlantic puffin;Røst;2011;Aut;6.738825069
2012;Atlantic puffin;Røst;2012;Aut;5.989732108
2013;Atlantic puffin;Røst;2013;Aut;7.429851365
2014;Atlantic puffin;Røst;2014;Aut;6.136389888
2015;Atlantic puffin;Røst;2015;Aut;6.256784361
2016;Atlantic puffin;Røst;2016;Aut;5.64909288
2017;Atlantic puffin;Røst;2017;Aut;5.758918974
2018;Atlantic puffin;Røst;2018;Aut;4.786566688
2019;Atlantic puffin;Røst;2019;Aut;6.162988685
2020;Atlantic puffin;Røst;2020;Aut;6.543991149
2021;Atlantic puffin;Røst;2021;Aut;6.284293835
2022;Atlantic puffin;Røst;2022;Aut;6.291424843
2023;Atlantic puffin;Røst;2023;Aut;5.518012
2024;Atlantic puffin;Røst;2024;Aut;6.110029168
2025;Atlantic puffin;Røst;2025;Aut;6.347675409
2026;Atlantic puffin;Røst;2026;Aut;7.261629986
2027;Atlantic puffin;Røst;2027;Aut;6.713125226
2028;Atlantic puffin;Røst;2028;Aut;6.570119855
2029;Atlantic puffin;Røst;2029;Aut;6.966073507
2030;Atlantic puffin;Røst;2030;Aut;6.636163128
2031;Atlantic puffin;Røst;2031;Aut;6.130899149
2032;Atlantic puffin;Røst;2032;Aut;6.086484149
2033;Atlantic puffin;Røst;2033;Aut;6.056970215
2034;Atlantic puffin;Røst;2034;Aut;6.721799898
2035;Atlantic puffin;Røst;2035;Aut;6.719118394
2036;Atlantic puffin;Røst;2036;Aut;6.682213143
2037;Atlantic puffin;Røst;2037;Aut;7.377730575
2038;Atlantic puffin;Røst;2038;Aut;6.59636376
2039;Atlantic puffin;Røst;2039;Aut;5.487972194
2040;Atlantic puffin;Røst;2040;Aut;7.712777609
2041;Atlantic puffin;Røst;2041;Aut;7.350913506
2042;Atlantic puffin;Røst;2042;Aut;7.376132344
2043;Atlantic puffin;Røst;2043;Aut;7.789418363
2044;Atlantic puffin;Røst;2044;Aut;6.241460899
2045;Atlantic puffin;Røst;2045;Aut;6.203245615
2046;Atlantic puffin;Røst;2046;Aut;6.600867023
2047;Atlantic puffin;Røst;2047;Aut;8.023646636
2048;Atlantic puffin;Røst;2048;Aut;7.482037636
2049;Atlantic puffin;Røst;2049;Aut;8.796149611
2050;Atlantic puffin;Røst;2050;Aut;7.369284684
1980;Atlantic puffin;Runde;1980;Aut;6.353321669
1981;Atlantic puffin;Runde;1981;Aut;6.156371799
1982;Atlantic puffin;Runde;1982;Aut;5.348282606
1983;Atlantic puffin;Runde;1983;Aut;6.420895996
1984;Atlantic puffin;Runde;1984;Aut;6.555810276
1985;Atlantic puffin;Runde;1985;Aut;6.371430935
1986;Atlantic puffin;Runde;1986;Aut;6.162081977
1987;Atlantic puffin;Runde;1987;Aut;5.648454319
1988;Atlantic puffin;Runde;1988;Aut;6.411622179
1989;Atlantic puffin;Runde;1989;Aut;6.369125434
1990;Atlantic puffin;Runde;1990;Aut;7.192892524
1991;Atlantic puffin;Runde;1991;Aut;6.451904297
1992;Atlantic puffin;Runde;1992;Aut;6.537831489
1993;Atlantic puffin;Runde;1993;Aut;7.33299452
1994;Atlantic puffin;Runde;1994;Aut;6.647204861
1995;Atlantic puffin;Runde;1995;Aut;5.98783827
1996;Atlantic puffin;Runde;1996;Aut;6.256090224
1997;Atlantic puffin;Runde;1997;Aut;6.335679253
1998;Atlantic puffin;Runde;1998;Aut;7.329194336
1999;Atlantic puffin;Runde;1999;Aut;6.68337538
2000;Atlantic puffin;Runde;2000;Aut;6.781816678
2001;Atlantic puffin;Runde;2001;Aut;7.267502441
2002;Atlantic puffin;Runde;2002;Aut;7.209746094
2003;Atlantic puffin;Runde;2003;Aut;6.605789931
2004;Atlantic puffin;Runde;2004;Aut;7.900475532
2005;Atlantic puffin;Runde;2005;Aut;7.236864692
2006;Atlantic puffin;Runde;2006;Aut;7.090659722
2007;Atlantic puffin;Runde;2007;Aut;7.350426704
2008;Atlantic puffin;Runde;2008;Aut;6.384181586
2009;Atlantic puffin;Runde;2009;Aut;6.598641764
2010;Atlantic puffin;Runde;2010;Aut;6.590228136
2011;Atlantic puffin;Runde;2011;Aut;8.08280816
2012;Atlantic puffin;Runde;2012;Aut;7.223350423
2013;Atlantic puffin;Runde;2013;Aut;8.720564236
2014;Atlantic puffin;Runde;2014;Aut;7.784853516
2015;Atlantic puffin;Runde;2015;Aut;7.755040419
2016;Atlantic puffin;Runde;2016;Aut;7.377717014
2017;Atlantic puffin;Runde;2017;Aut;7.168025716
2018;Atlantic puffin;Runde;2018;Aut;6.438959961
2019;Atlantic puffin;Runde;2019;Aut;7.551458605
2020;Atlantic puffin;Runde;2020;Aut;7.806285536
2021;Atlantic puffin;Runde;2021;Aut;7.701131456
2022;Atlantic puffin;Runde;2022;Aut;7.485328234
2023;Atlantic puffin;Runde;2023;Aut;6.996511502
2024;Atlantic puffin;Runde;2024;Aut;7.724666612
2025;Atlantic puffin;Runde;2025;Aut;7.757933214
2026;Atlantic puffin;Runde;2026;Aut;8.613761122
2027;Atlantic puffin;Runde;2027;Aut;7.890646973
2028;Atlantic puffin;Runde;2028;Aut;7.91830268
2029;Atlantic puffin;Runde;2029;Aut;8.540917426
2030;Atlantic puffin;Runde;2030;Aut;7.86581543
2031;Atlantic puffin;Runde;2031;Aut;7.204066569
2032;Atlantic puffin;Runde;2032;Aut;7.372396918
2033;Atlantic puffin;Runde;2033;Aut;7.455131293
2034;Atlantic puffin;Runde;2034;Aut;8.373765191
2035;Atlantic puffin;Runde;2035;Aut;7.846941461
2036;Atlantic puffin;Runde;2036;Aut;7.796456434
2037;Atlantic puffin;Runde;2037;Aut;8.188049316
2038;Atlantic puffin;Runde;2038;Aut;8.107568088
2039;Atlantic puffin;Runde;2039;Aut;7.482287055
2040;Atlantic puffin;Runde;2040;Aut;8.849123264
2041;Atlantic puffin;Runde;2041;Aut;8.355799696
2042;Atlantic puffin;Runde;2042;Aut;8.246613498
2043;Atlantic puffin;Runde;2043;Aut;8.566328125
2044;Atlantic puffin;Runde;2044;Aut;7.596096463
2045;Atlantic puffin;Runde;2045;Aut;7.803162977
2046;Atlantic puffin;Runde;2046;Aut;7.802065972
2047;Atlantic puffin;Runde;2047;Aut;9.145337185
2048;Atlantic puffin;Runde;2048;Aut;8.390080295
2049;Atlantic puffin;Runde;2049;Aut;9.804515788
2050;Atlantic puffin;Runde;2050;Aut;8.784271918
1980;Black-legged kittiwake;Anda;1980;Aut;5.996289347
1981;Black-legged kittiwake;Anda;1981;Aut;5.635231699
1982;Black-legged kittiwake;Anda;1982;Aut;4.657141007
1983;Black-legged kittiwake;Anda;1983;Aut;5.759955528
1984;Black-legged kittiwake;Anda;1984;Aut;6.043100643
1985;Black-legged kittiwake;Anda;1985;Aut;6.129269827
1986;Black-legged kittiwake;Anda;1986;Aut;5.675227343
1987;Black-legged kittiwake;Anda;1987;Aut;5.324200101
1988;Black-legged kittiwake;Anda;1988;Aut;5.855969345
1989;Black-legged kittiwake;Anda;1989;Aut;5.683427763
1990;Black-legged kittiwake;Anda;1990;Aut;6.572953418
1991;Black-legged kittiwake;Anda;1991;Aut;5.973910264
1992;Black-legged kittiwake;Anda;1992;Aut;6.065386482
1993;Black-legged kittiwake;Anda;1993;Aut;6.603793433
1994;Black-legged kittiwake;Anda;1994;Aut;6.06109943
1995;Black-legged kittiwake;Anda;1995;Aut;5.338292283
1996;Black-legged kittiwake;Anda;1996;Aut;5.840221919
1997;Black-legged kittiwake;Anda;1997;Aut;6.014031182
1998;Black-legged kittiwake;Anda;1998;Aut;6.805153574
1999;Black-legged kittiwake;Anda;1999;Aut;6.232578324
2000;Black-legged kittiwake;Anda;2000;Aut;6.198790472
2001;Black-legged kittiwake;Anda;2001;Aut;6.913291856
2002;Black-legged kittiwake;Anda;2002;Aut;6.852037471
2003;Black-legged kittiwake;Anda;2003;Aut;6.286038359
2004;Black-legged kittiwake;Anda;2004;Aut;7.114175815
2005;Black-legged kittiwake;Anda;2005;Aut;6.563441543
2006;Black-legged kittiwake;Anda;2006;Aut;7.083757175
2007;Black-legged kittiwake;Anda;2007;Aut;6.885813579
2008;Black-legged kittiwake;Anda;2008;Aut;6.008593892
2009;Black-legged kittiwake;Anda;2009;Aut;6.256541118
2010;Black-legged kittiwake;Anda;2010;Aut;6.300332686
2011;Black-legged kittiwake;Anda;2011;Aut;7.598143677
2012;Black-legged kittiwake;Anda;2012;Aut;6.890744437
2013;Black-legged kittiwake;Anda;2013;Aut;7.96525039
2014;Black-legged kittiwake;Anda;2014;Aut;7.075524369
2015;Black-legged kittiwake;Anda;2015;Aut;7.15067733
2016;Black-legged kittiwake;Anda;2016;Aut;6.974727388
2017;Black-legged kittiwake;Anda;2017;Aut;6.63252124
2018;Black-legged kittiwake;Anda;2018;Aut;5.833042547
2019;Black-legged kittiwake;Anda;2019;Aut;6.755237848
2020;Black-legged kittiwake;Anda;2020;Aut;7.18024397
2021;Black-legged kittiwake;Anda;2021;Aut;7.400337099
2022;Black-legged kittiwake;Anda;2022;Aut;7.001923444
2023;Black-legged kittiwake;Anda;2023;Aut;6.644376651
2024;Black-legged kittiwake;Anda;2024;Aut;7.225735625
2025;Black-legged kittiwake;Anda;2025;Aut;7.203662252
2026;Black-legged kittiwake;Anda;2026;Aut;8.082180226
2027;Black-legged kittiwake;Anda;2027;Aut;7.478639688
2028;Black-legged kittiwake;Anda;2028;Aut;7.52967362
2029;Black-legged kittiwake;Anda;2029;Aut;7.96580807
2030;Black-legged kittiwake;Anda;2030;Aut;7.326733327
2031;Black-legged kittiwake;Anda;2031;Aut;6.607536685
2032;Black-legged kittiwake;Anda;2032;Aut;7.040753548
2033;Black-legged kittiwake;Anda;2033;Aut;7.214331126
2034;Black-legged kittiwake;Anda;2034;Aut;7.935484096
2035;Black-legged kittiwake;Anda;2035;Aut;7.41488909
2036;Black-legged kittiwake;Anda;2036;Aut;7.194893119
2037;Black-legged kittiwake;Anda;2037;Aut;7.813883558
2038;Black-legged kittiwake;Anda;2038;Aut;7.794789697
2039;Black-legged kittiwake;Anda;2039;Aut;7.32673226
2040;Black-legged kittiwake;Anda;2040;Aut;8.118612342
2041;Black-legged kittiwake;Anda;2041;Aut;7.661733413
2042;Black-legged kittiwake;Anda;2042;Aut;8.171738552
2043;Black-legged kittiwake;Anda;2043;Aut;8.070038678
2044;Black-legged kittiwake;Anda;2044;Aut;7.289375185
2045;Black-legged kittiwake;Anda;2045;Aut;7.519190521
2046;Black-legged kittiwake;Anda;2046;Aut;7.550049042
2047;Black-legged kittiwake;Anda;2047;Aut;8.711982251
2048;Black-legged kittiwake;Anda;2048;Aut;8.138974595
2049;Black-legged kittiwake;Anda;2049;Aut;9.122515033
2050;Black-legged kittiwake;Anda;2050;Aut;8.281610374
1980;Black-legged kittiwake;Bjørnøya;1980;Aut;4.046824363
1981;Black-legged kittiwake;Bjørnøya;1981;Aut;4.042799208
1982;Black-legged kittiwake;Bjørnøya;1982;Aut;2.720921947
1983;Black-legged kittiwake;Bjørnøya;1983;Aut;4.245684136
1984;Black-legged kittiwake;Bjørnøya;1984;Aut;4.568440303
1985;Black-legged kittiwake;Bjørnøya;1985;Aut;4.255922671
1986;Black-legged kittiwake;Bjørnøya;1986;Aut;4.121394857
1987;Black-legged kittiwake;Bjørnøya;1987;Aut;3.435953324
1988;Black-legged kittiwake;Bjørnøya;1988;Aut;3.750555194
1989;Black-legged kittiwake;Bjørnøya;1989;Aut;3.779442003
1990;Black-legged kittiwake;Bjørnøya;1990;Aut;4.658958605
1991;Black-legged kittiwake;Bjørnøya;1991;Aut;4.312432635
1992;Black-legged kittiwake;Bjørnøya;1992;Aut;4.217359755
1993;Black-legged kittiwake;Bjørnøya;1993;Aut;4.513958062
1994;Black-legged kittiwake;Bjørnøya;1994;Aut;4.255368381
1995;Black-legged kittiwake;Bjørnøya;1995;Aut;3.966470902
1996;Black-legged kittiwake;Bjørnøya;1996;Aut;4.142852105
1997;Black-legged kittiwake;Bjørnøya;1997;Aut;4.148819987
1998;Black-legged kittiwake;Bjørnøya;1998;Aut;4.85252143
1999;Black-legged kittiwake;Bjørnøya;1999;Aut;4.668291558
2000;Black-legged kittiwake;Bjørnøya;2000;Aut;4.634659379
2001;Black-legged kittiwake;Bjørnøya;2001;Aut;5.439006438
2002;Black-legged kittiwake;Bjørnøya;2002;Aut;4.907118508
2003;Black-legged kittiwake;Bjørnøya;2003;Aut;3.893923159
2004;Black-legged kittiwake;Bjørnøya;2004;Aut;5.530047833
2005;Black-legged kittiwake;Bjørnøya;2005;Aut;5.16093117
2006;Black-legged kittiwake;Bjørnøya;2006;Aut;5.529115578
2007;Black-legged kittiwake;Bjørnøya;2007;Aut;5.557485171
2008;Black-legged kittiwake;Bjørnøya;2008;Aut;4.109605125
2009;Black-legged kittiwake;Bjørnøya;2009;Aut;4.212011719
2010;Black-legged kittiwake;Bjørnøya;2010;Aut;4.533239746
2011;Black-legged kittiwake;Bjørnøya;2011;Aut;5.944259078
2012;Black-legged kittiwake;Bjørnøya;2012;Aut;5.395818414
2013;Black-legged kittiwake;Bjørnøya;2013;Aut;6.494228787
2014;Black-legged kittiwake;Bjørnøya;2014;Aut;5.186387804
2015;Black-legged kittiwake;Bjørnøya;2015;Aut;5.372573061
2016;Black-legged kittiwake;Bjørnøya;2016;Aut;4.978459111
2017;Black-legged kittiwake;Bjørnøya;2017;Aut;5.005202908
2018;Black-legged kittiwake;Bjørnøya;2018;Aut;3.915804489
2019;Black-legged kittiwake;Bjørnøya;2019;Aut;5.251687735
2020;Black-legged kittiwake;Bjørnøya;2020;Aut;5.790231662
2021;Black-legged kittiwake;Bjørnøya;2021;Aut;5.613112612
2022;Black-legged kittiwake;Bjørnøya;2022;Aut;5.56444137
2023;Black-legged kittiwake;Bjørnøya;2023;Aut;4.899311885
2024;Black-legged kittiwake;Bjørnøya;2024;Aut;5.298489041
2025;Black-legged kittiwake;Bjørnøya;2025;Aut;5.610728172
2026;Black-legged kittiwake;Bjørnøya;2026;Aut;6.503329355
2027;Black-legged kittiwake;Bjørnøya;2027;Aut;6.124344437
2028;Black-legged kittiwake;Bjørnøya;2028;Aut;5.926711697
2029;Black-legged kittiwake;Bjørnøya;2029;Aut;6.019065574
2030;Black-legged kittiwake;Bjørnøya;2030;Aut;5.717102503
2031;Black-legged kittiwake;Bjørnøya;2031;Aut;5.406617567
2032;Black-legged kittiwake;Bjørnøya;2032;Aut;5.458706778
2033;Black-legged kittiwake;Bjørnøya;2033;Aut;5.432770454
2034;Black-legged kittiwake;Bjørnøya;2034;Aut;6.01567202
2035;Black-legged kittiwake;Bjørnøya;2035;Aut;6.024305556
2036;Black-legged kittiwake;Bjørnøya;2036;Aut;5.85202908
2037;Black-legged kittiwake;Bjørnøya;2037;Aut;6.549069553
2038;Black-legged kittiwake;Bjørnøya;2038;Aut;6.016845251
2039;Black-legged kittiwake;Bjørnøya;2039;Aut;5.038767723
2040;Black-legged kittiwake;Bjørnøya;2040;Aut;6.667435258
2041;Black-legged kittiwake;Bjørnøya;2041;Aut;6.504079409
2042;Black-legged kittiwake;Bjørnøya;2042;Aut;6.898497631
2043;Black-legged kittiwake;Bjørnøya;2043;Aut;7.00249566
2044;Black-legged kittiwake;Bjørnøya;2044;Aut;5.578983561
2045;Black-legged kittiwake;Bjørnøya;2045;Aut;5.618123825
2046;Black-legged kittiwake;Bjørnøya;2046;Aut;6.002927427
2047;Black-legged kittiwake;Bjørnøya;2047;Aut;7.264446795
2048;Black-legged kittiwake;Bjørnøya;2048;Aut;6.92776331
2049;Black-legged kittiwake;Bjørnøya;2049;Aut;7.877681026
2050;Black-legged kittiwake;Bjørnøya;2050;Aut;6.57551586
1980;Black-legged kittiwake;Hjelmsøya;1980;Aut;4.622464315
1981;Black-legged kittiwake;Hjelmsøya;1981;Aut;4.728388054
1982;Black-legged kittiwake;Hjelmsøya;1982;Aut;3.555393192
1983;Black-legged kittiwake;Hjelmsøya;1983;Aut;4.96199927
1984;Black-legged kittiwake;Hjelmsøya;1984;Aut;5.15023507
1985;Black-legged kittiwake;Hjelmsøya;1985;Aut;4.913879443
1986;Black-legged kittiwake;Hjelmsøya;1986;Aut;4.793084355
1987;Black-legged kittiwake;Hjelmsøya;1987;Aut;4.088274495
1988;Black-legged kittiwake;Hjelmsøya;1988;Aut;4.539092221
1989;Black-legged kittiwake;Hjelmsøya;1989;Aut;4.618240586
1990;Black-legged kittiwake;Hjelmsøya;1990;Aut;5.43859844
1991;Black-legged kittiwake;Hjelmsøya;1991;Aut;4.850942306
1992;Black-legged kittiwake;Hjelmsøya;1992;Aut;4.781889108
1993;Black-legged kittiwake;Hjelmsøya;1993;Aut;5.136551133
1994;Black-legged kittiwake;Hjelmsøya;1994;Aut;5.006804865
1995;Black-legged kittiwake;Hjelmsøya;1995;Aut;4.453449041
1996;Black-legged kittiwake;Hjelmsøya;1996;Aut;4.7227651
1997;Black-legged kittiwake;Hjelmsøya;1997;Aut;4.764339933
1998;Black-legged kittiwake;Hjelmsøya;1998;Aut;5.45168843
1999;Black-legged kittiwake;Hjelmsøya;1999;Aut;5.245029181
2000;Black-legged kittiwake;Hjelmsøya;2000;Aut;5.208793598
2001;Black-legged kittiwake;Hjelmsøya;2001;Aut;6.196227593
2002;Black-legged kittiwake;Hjelmsøya;2002;Aut;5.332577237
2003;Black-legged kittiwake;Hjelmsøya;2003;Aut;4.380481391
2004;Black-legged kittiwake;Hjelmsøya;2004;Aut;6.359854403
2005;Black-legged kittiwake;Hjelmsøya;2005;Aut;5.826930641
2006;Black-legged kittiwake;Hjelmsøya;2006;Aut;5.960151811
2007;Black-legged kittiwake;Hjelmsøya;2007;Aut;6.094649653
2008;Black-legged kittiwake;Hjelmsøya;2008;Aut;4.689567282
2009;Black-legged kittiwake;Hjelmsøya;2009;Aut;4.786700994
2010;Black-legged kittiwake;Hjelmsøya;2010;Aut;5.074272114
2011;Black-legged kittiwake;Hjelmsøya;2011;Aut;6.581936489
2012;Black-legged kittiwake;Hjelmsøya;2012;Aut;5.915906389
2013;Black-legged kittiwake;Hjelmsøya;2013;Aut;7.202480681
2014;Black-legged kittiwake;Hjelmsøya;2014;Aut;5.884101041
2015;Black-legged kittiwake;Hjelmsøya;2015;Aut;6.103484553
2016;Black-legged kittiwake;Hjelmsøya;2016;Aut;5.536709197
2017;Black-legged kittiwake;Hjelmsøya;2017;Aut;5.638851651
2018;Black-legged kittiwake;Hjelmsøya;2018;Aut;4.639730268
2019;Black-legged kittiwake;Hjelmsøya;2019;Aut;5.964541035
2020;Black-legged kittiwake;Hjelmsøya;2020;Aut;6.355840558
2021;Black-legged kittiwake;Hjelmsøya;2021;Aut;6.184966245
2022;Black-legged kittiwake;Hjelmsøya;2022;Aut;6.119964045
2023;Black-legged kittiwake;Hjelmsøya;2023;Aut;5.449878123
2024;Black-legged kittiwake;Hjelmsøya;2024;Aut;5.97483933
2025;Black-legged kittiwake;Hjelmsøya;2025;Aut;6.309824875
2026;Black-legged kittiwake;Hjelmsøya;2026;Aut;7.181702191
2027;Black-legged kittiwake;Hjelmsøya;2027;Aut;6.603554031
2028;Black-legged kittiwake;Hjelmsøya;2028;Aut;6.444938376
2029;Black-legged kittiwake;Hjelmsøya;2029;Aut;6.601761576
2030;Black-legged kittiwake;Hjelmsøya;2030;Aut;6.464342248
2031;Black-legged kittiwake;Hjelmsøya;2031;Aut;5.911667702
2032;Black-legged kittiwake;Hjelmsøya;2032;Aut;6.043680232
2033;Black-legged kittiwake;Hjelmsøya;2033;Aut;6.024202056
2034;Black-legged kittiwake;Hjelmsøya;2034;Aut;6.591383669
2035;Black-legged kittiwake;Hjelmsøya;2035;Aut;6.602872754
2036;Black-legged kittiwake;Hjelmsøya;2036;Aut;6.417606206
2037;Black-legged kittiwake;Hjelmsøya;2037;Aut;7.277453565
2038;Black-legged kittiwake;Hjelmsøya;2038;Aut;6.449137016
2039;Black-legged kittiwake;Hjelmsøya;2039;Aut;5.462422898
2040;Black-legged kittiwake;Hjelmsøya;2040;Aut;7.496643115
2041;Black-legged kittiwake;Hjelmsøya;2041;Aut;7.189494909
2042;Black-legged kittiwake;Hjelmsøya;2042;Aut;7.372985888
2043;Black-legged kittiwake;Hjelmsøya;2043;Aut;7.572344561
2044;Black-legged kittiwake;Hjelmsøya;2044;Aut;6.102878543
2045;Black-legged kittiwake;Hjelmsøya;2045;Aut;6.188100026
2046;Black-legged kittiwake;Hjelmsøya;2046;Aut;6.562381114
2047;Black-legged kittiwake;Hjelmsøya;2047;Aut;7.911413912
2048;Black-legged kittiwake;Hjelmsøya;2048;Aut;7.441214508
2049;Black-legged kittiwake;Hjelmsøya;2049;Aut;8.584710331
2050;Black-legged kittiwake;Hjelmsøya;2050;Aut;7.207707992
1980;Black-legged kittiwake;Hornøya;1980;Aut;2.040439652
1981;Black-legged kittiwake;Hornøya;1981;Aut;2.126031939
1982;Black-legged kittiwake;Hornøya;1982;Aut;0.747741379
1983;Black-legged kittiwake;Hornøya;1983;Aut;2.704281145
1984;Black-legged kittiwake;Hornøya;1984;Aut;3.169038769
1985;Black-legged kittiwake;Hornøya;1985;Aut;2.897501367
1986;Black-legged kittiwake;Hornøya;1986;Aut;2.56156529
1987;Black-legged kittiwake;Hornøya;1987;Aut;1.589724029
1988;Black-legged kittiwake;Hornøya;1988;Aut;1.656389367
1989;Black-legged kittiwake;Hornøya;1989;Aut;1.505594806
1990;Black-legged kittiwake;Hornøya;1990;Aut;2.681019454
1991;Black-legged kittiwake;Hornøya;1991;Aut;2.220675579
1992;Black-legged kittiwake;Hornøya;1992;Aut;2.234513655
1993;Black-legged kittiwake;Hornøya;1993;Aut;2.350371905
1994;Black-legged kittiwake;Hornøya;1994;Aut;2.680595589
1995;Black-legged kittiwake;Hornøya;1995;Aut;2.364389349
1996;Black-legged kittiwake;Hornøya;1996;Aut;2.513578134
1997;Black-legged kittiwake;Hornøya;1997;Aut;2.444458933
1998;Black-legged kittiwake;Hornøya;1998;Aut;2.646986394
1999;Black-legged kittiwake;Hornøya;1999;Aut;3.101143475
2000;Black-legged kittiwake;Hornøya;2000;Aut;3.028205574
2001;Black-legged kittiwake;Hornøya;2001;Aut;4.191005375
2002;Black-legged kittiwake;Hornøya;2002;Aut;2.69408596
2003;Black-legged kittiwake;Hornøya;2003;Aut;0.97192155
2004;Black-legged kittiwake;Hornøya;2004;Aut;3.920847403
2005;Black-legged kittiwake;Hornøya;2005;Aut;3.405233791
2006;Black-legged kittiwake;Hornøya;2006;Aut;3.955253436
2007;Black-legged kittiwake;Hornøya;2007;Aut;4.11969318
2008;Black-legged kittiwake;Hornøya;2008;Aut;2.055660361
2009;Black-legged kittiwake;Hornøya;2009;Aut;2.313472149
2010;Black-legged kittiwake;Hornøya;2010;Aut;2.919239847
2011;Black-legged kittiwake;Hornøya;2011;Aut;4.371479393
2012;Black-legged kittiwake;Hornøya;2012;Aut;4.060154542
2013;Black-legged kittiwake;Hornøya;2013;Aut;4.845339619
2014;Black-legged kittiwake;Hornøya;2014;Aut;2.816730679
2015;Black-legged kittiwake;Hornøya;2015;Aut;3.908971349
2016;Black-legged kittiwake;Hornøya;2016;Aut;2.960775784
2017;Black-legged kittiwake;Hornøya;2017;Aut;3.120025581
2018;Black-legged kittiwake;Hornøya;2018;Aut;2.191837802
2019;Black-legged kittiwake;Hornøya;2019;Aut;3.621191122
2020;Black-legged kittiwake;Hornøya;2020;Aut;4.358615032
2021;Black-legged kittiwake;Hornøya;2021;Aut;4.197716395
2022;Black-legged kittiwake;Hornøya;2022;Aut;4.108868426
2023;Black-legged kittiwake;Hornøya;2023;Aut;3.364894358
2024;Black-legged kittiwake;Hornøya;2024;Aut;3.667012687
2025;Black-legged kittiwake;Hornøya;2025;Aut;3.910447938
2026;Black-legged kittiwake;Hornøya;2026;Aut;4.937846851
2027;Black-legged kittiwake;Hornøya;2027;Aut;4.489192898
2028;Black-legged kittiwake;Hornøya;2028;Aut;4.360690583
2029;Black-legged kittiwake;Hornøya;2029;Aut;4.339056735
2030;Black-legged kittiwake;Hornøya;2030;Aut;4.48986731
2031;Black-legged kittiwake;Hornøya;2031;Aut;4.264007693
2032;Black-legged kittiwake;Hornøya;2032;Aut;4.090149673
2033;Black-legged kittiwake;Hornøya;2033;Aut;3.970146015
2034;Black-legged kittiwake;Hornøya;2034;Aut;4.136463434
2035;Black-legged kittiwake;Hornøya;2035;Aut;4.695706684
2036;Black-legged kittiwake;Hornøya;2036;Aut;4.68621723
2037;Black-legged kittiwake;Hornøya;2037;Aut;5.638196263
2038;Black-legged kittiwake;Hornøya;2038;Aut;4.359726833
2039;Black-legged kittiwake;Hornøya;2039;Aut;3.10338843
2040;Black-legged kittiwake;Hornøya;2040;Aut;5.413230287
2041;Black-legged kittiwake;Hornøya;2041;Aut;5.272790705
2042;Black-legged kittiwake;Hornøya;2042;Aut;5.812572815
2043;Black-legged kittiwake;Hornøya;2043;Aut;5.966114135
2044;Black-legged kittiwake;Hornøya;2044;Aut;4.202997449
2045;Black-legged kittiwake;Hornøya;2045;Aut;4.205523913
2046;Black-legged kittiwake;Hornøya;2046;Aut;4.88586803
2047;Black-legged kittiwake;Hornøya;2047;Aut;6.06036167
2048;Black-legged kittiwake;Hornøya;2048;Aut;5.988035188
2049;Black-legged kittiwake;Hornøya;2049;Aut;6.628538829
2050;Black-legged kittiwake;Hornøya;2050;Aut;4.709500985
1980;Black-legged kittiwake;Isfjorden;1980;Aut;2.596677944
1981;Black-legged kittiwake;Isfjorden;1981;Aut;2.712899139
1982;Black-legged kittiwake;Isfjorden;1982;Aut;1.456637137
1983;Black-legged kittiwake;Isfjorden;1983;Aut;2.967829651
1984;Black-legged kittiwake;Isfjorden;1984;Aut;3.471096315
1985;Black-legged kittiwake;Isfjorden;1985;Aut;3.25721015
1986;Black-legged kittiwake;Isfjorden;1986;Aut;2.937985512
1987;Black-legged kittiwake;Isfjorden;1987;Aut;2.114194521
1988;Black-legged kittiwake;Isfjorden;1988;Aut;2.225317485
1989;Black-legged kittiwake;Isfjorden;1989;Aut;2.362912782
1990;Black-legged kittiwake;Isfjorden;1990;Aut;3.31109137
1991;Black-legged kittiwake;Isfjorden;1991;Aut;2.949498076
1992;Black-legged kittiwake;Isfjorden;1992;Aut;2.972898647
1993;Black-legged kittiwake;Isfjorden;1993;Aut;2.80997735
1994;Black-legged kittiwake;Isfjorden;1994;Aut;2.73087271
1995;Black-legged kittiwake;Isfjorden;1995;Aut;2.86730321
1996;Black-legged kittiwake;Isfjorden;1996;Aut;2.918332191
1997;Black-legged kittiwake;Isfjorden;1997;Aut;2.733915749
1998;Black-legged kittiwake;Isfjorden;1998;Aut;3.364730502
1999;Black-legged kittiwake;Isfjorden;1999;Aut;3.560991355
2000;Black-legged kittiwake;Isfjorden;2000;Aut;3.369657936
2001;Black-legged kittiwake;Isfjorden;2001;Aut;4.066821494
2002;Black-legged kittiwake;Isfjorden;2002;Aut;3.736170459
2003;Black-legged kittiwake;Isfjorden;2003;Aut;2.692970391
2004;Black-legged kittiwake;Isfjorden;2004;Aut;3.885224979
2005;Black-legged kittiwake;Isfjorden;2005;Aut;3.758761161
2006;Black-legged kittiwake;Isfjorden;2006;Aut;4.413051881
2007;Black-legged kittiwake;Isfjorden;2007;Aut;4.014955973
2008;Black-legged kittiwake;Isfjorden;2008;Aut;2.877855112
2009;Black-legged kittiwake;Isfjorden;2009;Aut;3.261193848
2010;Black-legged kittiwake;Isfjorden;2010;Aut;3.416129797
2011;Black-legged kittiwake;Isfjorden;2011;Aut;4.565643875
2012;Black-legged kittiwake;Isfjorden;2012;Aut;4.26858064
2013;Black-legged kittiwake;Isfjorden;2013;Aut;5.068242229
2014;Black-legged kittiwake;Isfjorden;2014;Aut;3.512119633
2015;Black-legged kittiwake;Isfjorden;2015;Aut;4.037490768
2016;Black-legged kittiwake;Isfjorden;2016;Aut;3.454469107
2017;Black-legged kittiwake;Isfjorden;2017;Aut;3.604199629
2018;Black-legged kittiwake;Isfjorden;2018;Aut;2.681699403
2019;Black-legged kittiwake;Isfjorden;2019;Aut;3.808101673
2020;Black-legged kittiwake;Isfjorden;2020;Aut;4.542966493
2021;Black-legged kittiwake;Isfjorden;2021;Aut;4.472974043
2022;Black-legged kittiwake;Isfjorden;2022;Aut;4.357077001
2023;Black-legged kittiwake;Isfjorden;2023;Aut;3.627303744
2024;Black-legged kittiwake;Isfjorden;2024;Aut;3.874886444
2025;Black-legged kittiwake;Isfjorden;2025;Aut;4.350817563
2026;Black-legged kittiwake;Isfjorden;2026;Aut;5.265957667
2027;Black-legged kittiwake;Isfjorden;2027;Aut;4.844193454
2028;Black-legged kittiwake;Isfjorden;2028;Aut;4.747966657
2029;Black-legged kittiwake;Isfjorden;2029;Aut;4.407810551
2030;Black-legged kittiwake;Isfjorden;2030;Aut;4.300685132
2031;Black-legged kittiwake;Isfjorden;2031;Aut;4.442463646
2032;Black-legged kittiwake;Isfjorden;2032;Aut;4.330274874
2033;Black-legged kittiwake;Isfjorden;2033;Aut;4.108212049
2034;Black-legged kittiwake;Isfjorden;2034;Aut;4.553037294
2035;Black-legged kittiwake;Isfjorden;2035;Aut;4.870207766
2036;Black-legged kittiwake;Isfjorden;2036;Aut;4.703662827
2037;Black-legged kittiwake;Isfjorden;2037;Aut;5.255012371
2038;Black-legged kittiwake;Isfjorden;2038;Aut;4.860131323
2039;Black-legged kittiwake;Isfjorden;2039;Aut;4.028029293
2040;Black-legged kittiwake;Isfjorden;2040;Aut;5.108960371
2041;Black-legged kittiwake;Isfjorden;2041;Aut;5.162570267
2042;Black-legged kittiwake;Isfjorden;2042;Aut;5.793065483
2043;Black-legged kittiwake;Isfjorden;2043;Aut;5.501288714
2044;Black-legged kittiwake;Isfjorden;2044;Aut;4.507264004
2045;Black-legged kittiwake;Isfjorden;2045;Aut;4.707554203
2046;Black-legged kittiwake;Isfjorden;2046;Aut;4.939995056
2047;Black-legged kittiwake;Isfjorden;2047;Aut;5.914748043
2048;Black-legged kittiwake;Isfjorden;2048;Aut;5.817889866
2049;Black-legged kittiwake;Isfjorden;2049;Aut;6.422602601
2050;Black-legged kittiwake;Isfjorden;2050;Aut;5.022492019
1980;Black-legged kittiwake;Røst;1980;Aut;5.552449306
1981;Black-legged kittiwake;Røst;1981;Aut;4.678128992
1982;Black-legged kittiwake;Røst;1982;Aut;4.203027764
1983;Black-legged kittiwake;Røst;1983;Aut;5.012026804
1984;Black-legged kittiwake;Røst;1984;Aut;5.213243011
1985;Black-legged kittiwake;Røst;1985;Aut;5.520400281
1986;Black-legged kittiwake;Røst;1986;Aut;5.280367816
1987;Black-legged kittiwake;Røst;1987;Aut;4.798190712
1988;Black-legged kittiwake;Røst;1988;Aut;5.443559646
1989;Black-legged kittiwake;Røst;1989;Aut;4.941492435
1990;Black-legged kittiwake;Røst;1990;Aut;5.850601527
1991;Black-legged kittiwake;Røst;1991;Aut;5.542085306
1992;Black-legged kittiwake;Røst;1992;Aut;5.312013652
1993;Black-legged kittiwake;Røst;1993;Aut;5.614743194
1994;Black-legged kittiwake;Røst;1994;Aut;5.567695489
1995;Black-legged kittiwake;Røst;1995;Aut;4.63859733
1996;Black-legged kittiwake;Røst;1996;Aut;5.386988145
1997;Black-legged kittiwake;Røst;1997;Aut;5.198531963
1998;Black-legged kittiwake;Røst;1998;Aut;5.880535437
1999;Black-legged kittiwake;Røst;1999;Aut;5.865332535
2000;Black-legged kittiwake;Røst;2000;Aut;5.702895819
2001;Black-legged kittiwake;Røst;2001;Aut;6.201322561
2002;Black-legged kittiwake;Røst;2002;Aut;6.531101289
2003;Black-legged kittiwake;Røst;2003;Aut;6.599135213
2004;Black-legged kittiwake;Røst;2004;Aut;6.90142837
2005;Black-legged kittiwake;Røst;2005;Aut;5.865129575
2006;Black-legged kittiwake;Røst;2006;Aut;6.506086749
2007;Black-legged kittiwake;Røst;2007;Aut;6.037113199
2008;Black-legged kittiwake;Røst;2008;Aut;6.259855381
2009;Black-legged kittiwake;Røst;2009;Aut;6.066487602
2010;Black-legged kittiwake;Røst;2010;Aut;6.163931017
2011;Black-legged kittiwake;Røst;2011;Aut;6.610822657
2012;Black-legged kittiwake;Røst;2012;Aut;6.141455582
2013;Black-legged kittiwake;Røst;2013;Aut;7.033713929
2014;Black-legged kittiwake;Røst;2014;Aut;7.071683259
2015;Black-legged kittiwake;Røst;2015;Aut;6.586031669
2016;Black-legged kittiwake;Røst;2016;Aut;6.666590721
2017;Black-legged kittiwake;Røst;2017;Aut;5.91478614
2018;Black-legged kittiwake;Røst;2018;Aut;5.545833978
2019;Black-legged kittiwake;Røst;2019;Aut;6.197945143
2020;Black-legged kittiwake;Røst;2020;Aut;6.498911914
2021;Black-legged kittiwake;Røst;2021;Aut;6.902304503
2022;Black-legged kittiwake;Røst;2022;Aut;6.674486212
2023;Black-legged kittiwake;Røst;2023;Aut;6.273770557
2024;Black-legged kittiwake;Røst;2024;Aut;6.845530882
2025;Black-legged kittiwake;Røst;2025;Aut;6.56919626
2026;Black-legged kittiwake;Røst;2026;Aut;7.363275829
2027;Black-legged kittiwake;Røst;2027;Aut;7.040509947
2028;Black-legged kittiwake;Røst;2028;Aut;6.902795725
2029;Black-legged kittiwake;Røst;2029;Aut;7.132068985
2030;Black-legged kittiwake;Røst;2030;Aut;6.985520318
2031;Black-legged kittiwake;Røst;2031;Aut;6.133635519
2032;Black-legged kittiwake;Røst;2032;Aut;6.637230605
2033;Black-legged kittiwake;Røst;2033;Aut;6.562512228
2034;Black-legged kittiwake;Røst;2034;Aut;7.073120369
2035;Black-legged kittiwake;Røst;2035;Aut;7.015190968
2036;Black-legged kittiwake;Røst;2036;Aut;6.587324227
2037;Black-legged kittiwake;Røst;2037;Aut;6.98135522
2038;Black-legged kittiwake;Røst;2038;Aut;7.284427652
2039;Black-legged kittiwake;Røst;2039;Aut;7.324739009
2040;Black-legged kittiwake;Røst;2040;Aut;7.645906632
2041;Black-legged kittiwake;Røst;2041;Aut;6.668052203
2042;Black-legged kittiwake;Røst;2042;Aut;7.326214778
2043;Black-legged kittiwake;Røst;2043;Aut;7.074904781
2044;Black-legged kittiwake;Røst;2044;Aut;7.2878036
2045;Black-legged kittiwake;Røst;2045;Aut;7.16954331
2046;Black-legged kittiwake;Røst;2046;Aut;7.200438655
2047;Black-legged kittiwake;Røst;2047;Aut;7.655204776
2048;Black-legged kittiwake;Røst;2048;Aut;7.169061332
2049;Black-legged kittiwake;Røst;2049;Aut;8.087864404
2050;Black-legged kittiwake;Røst;2050;Aut;8.163313942
1980;Black-legged kittiwake;Runde;1980;Aut;6.910346561
1981;Black-legged kittiwake;Runde;1981;Aut;5.536061237
1982;Black-legged kittiwake;Runde;1982;Aut;5.681690582
1983;Black-legged kittiwake;Runde;1983;Aut;5.910799889
1984;Black-legged kittiwake;Runde;1984;Aut;6.030140558
1985;Black-legged kittiwake;Runde;1985;Aut;6.73558113
1986;Black-legged kittiwake;Runde;1986;Aut;6.443431918
1987;Black-legged kittiwake;Runde;1987;Aut;6.11772305
1988;Black-legged kittiwake;Runde;1988;Aut;6.845019047
1989;Black-legged kittiwake;Runde;1989;Aut;5.917694979
1990;Black-legged kittiwake;Runde;1990;Aut;6.809650115
1991;Black-legged kittiwake;Runde;1991;Aut;6.711984992
1992;Black-legged kittiwake;Runde;1992;Aut;6.256722149
1993;Black-legged kittiwake;Runde;1993;Aut;6.228856777
1994;Black-legged kittiwake;Runde;1994;Aut;6.996884733
1995;Black-legged kittiwake;Runde;1995;Aut;5.730750211
1996;Black-legged kittiwake;Runde;1996;Aut;6.683826275
1997;Black-legged kittiwake;Runde;1997;Aut;6.435635013
1998;Black-legged kittiwake;Runde;1998;Aut;6.551741626
1999;Black-legged kittiwake;Runde;1999;Aut;7.005051076
2000;Black-legged kittiwake;Runde;2000;Aut;6.718150888
2001;Black-legged kittiwake;Runde;2001;Aut;7.180145344
2002;Black-legged kittiwake;Runde;2002;Aut;7.942700034
2003;Black-legged kittiwake;Runde;2003;Aut;8.751054483
2004;Black-legged kittiwake;Runde;2004;Aut;8.311770751
2005;Black-legged kittiwake;Runde;2005;Aut;6.553283638
2006;Black-legged kittiwake;Runde;2006;Aut;7.765043096
2007;Black-legged kittiwake;Runde;2007;Aut;6.656444882
2008;Black-legged kittiwake;Runde;2008;Aut;8.242165936
2009;Black-legged kittiwake;Runde;2009;Aut;7.577375585
2010;Black-legged kittiwake;Runde;2010;Aut;7.954441639
2011;Black-legged kittiwake;Runde;2011;Aut;7.298267193
2012;Black-legged kittiwake;Runde;2012;Aut;7.006095664
2013;Black-legged kittiwake;Runde;2013;Aut;7.620496789
2014;Black-legged kittiwake;Runde;2014;Aut;8.723105759
2015;Black-legged kittiwake;Runde;2015;Aut;7.772989497
2016;Black-legged kittiwake;Runde;2016;Aut;8.112008331
2017;Black-legged kittiwake;Runde;2017;Aut;6.90906079
2018;Black-legged kittiwake;Runde;2018;Aut;7.099846471
2019;Black-legged kittiwake;Runde;2019;Aut;7.199269783
2020;Black-legged kittiwake;Runde;2020;Aut;7.360753211
2021;Black-legged kittiwake;Runde;2021;Aut;8.140927702
2022;Black-legged kittiwake;Runde;2022;Aut;7.855804255
2023;Black-legged kittiwake;Runde;2023;Aut;7.652343158
2024;Black-legged kittiwake;Runde;2024;Aut;8.252409625
2025;Black-legged kittiwake;Runde;2025;Aut;7.555224394
2026;Black-legged kittiwake;Runde;2026;Aut;8.209419365
2027;Black-legged kittiwake;Runde;2027;Aut;8.099899978
2028;Black-legged kittiwake;Runde;2028;Aut;7.81985401
2029;Black-legged kittiwake;Runde;2029;Aut;7.787331145
2030;Black-legged kittiwake;Runde;2030;Aut;8.444796471
2031;Black-legged kittiwake;Runde;2031;Aut;7.27883247
2032;Black-legged kittiwake;Runde;2032;Aut;7.938195263
2033;Black-legged kittiwake;Runde;2033;Aut;7.84148089
2034;Black-legged kittiwake;Runde;2034;Aut;7.708910111
2035;Black-legged kittiwake;Runde;2035;Aut;8.000057486
2036;Black-legged kittiwake;Runde;2036;Aut;7.405091354
2037;Black-legged kittiwake;Runde;2037;Aut;7.785074189
2038;Black-legged kittiwake;Runde;2038;Aut;8.517337964
2039;Black-legged kittiwake;Runde;2039;Aut;9.246790626
2040;Black-legged kittiwake;Runde;2040;Aut;8.780983758
2041;Black-legged kittiwake;Runde;2041;Aut;7.01477852
2042;Black-legged kittiwake;Runde;2042;Aut;8.217384318
2043;Black-legged kittiwake;Runde;2043;Aut;7.409988686
2044;Black-legged kittiwake;Runde;2044;Aut;8.960929649
2045;Black-legged kittiwake;Runde;2045;Aut;8.457008611
2046;Black-legged kittiwake;Runde;2046;Aut;8.655882929
2047;Black-legged kittiwake;Runde;2047;Aut;8.176918816
2048;Black-legged kittiwake;Runde;2048;Aut;7.69793884
2049;Black-legged kittiwake;Runde;2049;Aut;8.461172176
2050;Black-legged kittiwake;Runde;2050;Aut;9.60517804
1980;Black-legged kittiwake;skli;1980;Aut;8.918697894
1981;Black-legged kittiwake;skli;1981;Aut;7.520945344
1982;Black-legged kittiwake;skli;1982;Aut;7.564839794
1983;Black-legged kittiwake;skli;1983;Aut;7.67379433
1984;Black-legged kittiwake;skli;1984;Aut;7.916457678
1985;Black-legged kittiwake;skli;1985;Aut;8.604024364
1986;Black-legged kittiwake;skli;1986;Aut;8.073345156
1987;Black-legged kittiwake;skli;1987;Aut;8.091738213
1988;Black-legged kittiwake;skli;1988;Aut;9.097205946
1989;Black-legged kittiwake;skli;1989;Aut;8.084450729
1990;Black-legged kittiwake;skli;1990;Aut;9.038722964
1991;Black-legged kittiwake;skli;1991;Aut;8.559340413
1992;Black-legged kittiwake;skli;1992;Aut;8.431640173
1993;Black-legged kittiwake;skli;1993;Aut;8.903283126
1994;Black-legged kittiwake;skli;1994;Aut;9.016147868
1995;Black-legged kittiwake;skli;1995;Aut;7.254672693
1996;Black-legged kittiwake;skli;1996;Aut;8.497121288
1997;Black-legged kittiwake;skli;1997;Aut;8.574664759
1998;Black-legged kittiwake;skli;1998;Aut;9.020255873
1999;Black-legged kittiwake;skli;1999;Aut;8.774949929
2000;Black-legged kittiwake;skli;2000;Aut;8.48262996
2001;Black-legged kittiwake;skli;2001;Aut;8.765022108
2002;Black-legged kittiwake;skli;2002;Aut;10.05446834
2003;Black-legged kittiwake;skli;2003;Aut;10.63506583
2004;Black-legged kittiwake;skli;2004;Aut;9.851134802
2005;Black-legged kittiwake;skli;2005;Aut;8.253805768
2006;Black-legged kittiwake;skli;2006;Aut;9.677009413
2007;Black-legged kittiwake;skli;2007;Aut;8.474468203
2008;Black-legged kittiwake;skli;2008;Aut;9.838512958
2009;Black-legged kittiwake;skli;2009;Aut;9.339117658
2010;Black-legged kittiwake;skli;2010;Aut;9.359655423
2011;Black-legged kittiwake;skli;2011;Aut;9.527723072
2012;Black-legged kittiwake;skli;2012;Aut;8.697082633
2013;Black-legged kittiwake;skli;2013;Aut;9.653201181
2014;Black-legged kittiwake;skli;2014;Aut;10.51517187
2015;Black-legged kittiwake;skli;2015;Aut;9.600871446
2016;Black-legged kittiwake;skli;2016;Aut;10.1330381
2017;Black-legged kittiwake;skli;2017;Aut;8.877592977
2018;Black-legged kittiwake;skli;2018;Aut;8.90094175
2019;Black-legged kittiwake;skli;2019;Aut;8.923146679
2020;Black-legged kittiwake;skli;2020;Aut;9.093580571
2021;Black-legged kittiwake;skli;2021;Aut;9.925771191
2022;Black-legged kittiwake;skli;2022;Aut;9.327444119
2023;Black-legged kittiwake;skli;2023;Aut;9.343451154
2024;Black-legged kittiwake;skli;2024;Aut;10.26077451
2025;Black-legged kittiwake;skli;2025;Aut;9.27205528
2026;Black-legged kittiwake;skli;2026;Aut;10.11996867
2027;Black-legged kittiwake;skli;2027;Aut;9.698493788
2028;Black-legged kittiwake;skli;2028;Aut;9.725337389
2029;Black-legged kittiwake;skli;2029;Aut;10.20893306
2030;Black-legged kittiwake;skli;2030;Aut;10.15770083
2031;Black-legged kittiwake;skli;2031;Aut;8.499138274
2032;Black-legged kittiwake;skli;2032;Aut;9.618629286
2033;Black-legged kittiwake;skli;2033;Aut;9.80807676
2034;Black-legged kittiwake;skli;2034;Aut;10.07756336
2035;Black-legged kittiwake;skli;2035;Aut;9.634526684
2036;Black-legged kittiwake;skli;2036;Aut;9.029558648
2037;Black-legged kittiwake;skli;2037;Aut;9.292121153
2038;Black-legged kittiwake;skli;2038;Aut;10.5563463
2039;Black-legged kittiwake;skli;2039;Aut;11.1520952
2040;Black-legged kittiwake;skli;2040;Aut;10.32766622
2041;Black-legged kittiwake;skli;2041;Aut;8.67961697
2042;Black-legged kittiwake;skli;2042;Aut;10.06086573
2043;Black-legged kittiwake;skli;2043;Aut;9.095409365
2044;Black-legged kittiwake;skli;2044;Aut;10.57735313
2045;Black-legged kittiwake;skli;2045;Aut;10.2091156
2046;Black-legged kittiwake;skli;2046;Aut;10.05047619
2047;Black-legged kittiwake;skli;2047;Aut;10.22042858
2048;Black-legged kittiwake;skli;2048;Aut;9.285113978
2049;Black-legged kittiwake;skli;2049;Aut;10.42719365
2050;Black-legged kittiwake;skli;2050;Aut;11.32288739
1980;Brünnich's guillemot;Bjørnøya;1980;Aut;5.723522891
1981;Brünnich's guillemot;Bjørnøya;1981;Aut;5.766229978
1982;Brünnich's guillemot;Bjørnøya;1982;Aut;4.762630948
1983;Brünnich's guillemot;Bjørnøya;1983;Aut;6.082056832
1984;Brünnich's guillemot;Bjørnøya;1984;Aut;6.132907002
1985;Brünnich's guillemot;Bjørnøya;1985;Aut;5.851721834
1986;Brünnich's guillemot;Bjørnøya;1986;Aut;5.751185542
1987;Brünnich's guillemot;Bjørnøya;1987;Aut;5.076502341
1988;Brünnich's guillemot;Bjørnøya;1988;Aut;5.820239375
1989;Brünnich's guillemot;Bjørnøya;1989;Aut;5.891861356
1990;Brünnich's guillemot;Bjørnøya;1990;Aut;6.642241001
1991;Brünnich's guillemot;Bjørnøya;1991;Aut;6.009244519
1992;Brünnich's guillemot;Bjørnøya;1992;Aut;6.004820784
1993;Brünnich's guillemot;Bjørnøya;1993;Aut;6.532253313
1994;Brünnich's guillemot;Bjørnøya;1994;Aut;6.215937593
1995;Brünnich's guillemot;Bjørnøya;1995;Aut;5.559449294
1996;Brünnich's guillemot;Bjørnøya;1996;Aut;5.792133415
1997;Brünnich's guillemot;Bjørnøya;1997;Aut;5.780682753
1998;Brünnich's guillemot;Bjørnøya;1998;Aut;6.78708648
1999;Brünnich's guillemot;Bjørnøya;1999;Aut;6.283049398
2000;Brünnich's guillemot;Bjørnøya;2000;Aut;6.276730361
2001;Brünnich's guillemot;Bjørnøya;2001;Aut;7.136183626
2002;Brünnich's guillemot;Bjørnøya;2002;Aut;6.510264303
2003;Brünnich's guillemot;Bjørnøya;2003;Aut;5.544602857
2004;Brünnich's guillemot;Bjørnøya;2004;Aut;7.675505453
2005;Brünnich's guillemot;Bjørnøya;2005;Aut;6.909095465
2006;Brünnich's guillemot;Bjørnøya;2006;Aut;6.756163558
2007;Brünnich's guillemot;Bjørnøya;2007;Aut;7.139201508
2008;Brünnich's guillemot;Bjørnøya;2008;Aut;5.645286918
2009;Brünnich's guillemot;Bjørnøya;2009;Aut;5.712590881
2010;Brünnich's guillemot;Bjørnøya;2010;Aut;6.060290936
2011;Brünnich's guillemot;Bjørnøya;2011;Aut;7.633105001
2012;Brünnich's guillemot;Bjørnøya;2012;Aut;6.805149965
2013;Brünnich's guillemot;Bjørnøya;2013;Aut;8.43206863
2014;Brünnich's guillemot;Bjørnøya;2014;Aut;7.194311874
2015;Brünnich's guillemot;Bjørnøya;2015;Aut;7.316171922
2016;Brünnich's guillemot;Bjørnøya;2016;Aut;6.739170085
2017;Brünnich's guillemot;Bjørnøya;2017;Aut;6.748863286
2018;Brünnich's guillemot;Bjørnøya;2018;Aut;5.846702933
2019;Brünnich's guillemot;Bjørnøya;2019;Aut;7.228833826
2020;Brünnich's guillemot;Bjørnøya;2020;Aut;7.432832592
2021;Brünnich's guillemot;Bjørnøya;2021;Aut;7.162883149
2022;Brünnich's guillemot;Bjørnøya;2022;Aut;7.062822289
2023;Brünnich's guillemot;Bjørnøya;2023;Aut;6.42988363
2024;Brünnich's guillemot;Bjørnøya;2024;Aut;7.142080382
2025;Brünnich's guillemot;Bjørnøya;2025;Aut;7.382805958
2026;Brünnich's guillemot;Bjørnøya;2026;Aut;8.176029362
2027;Brünnich's guillemot;Bjørnøya;2027;Aut;7.576227829
2028;Brünnich's guillemot;Bjørnøya;2028;Aut;7.485746276
2029;Brünnich's guillemot;Bjørnøya;2029;Aut;7.807247355
2030;Brünnich's guillemot;Bjørnøya;2030;Aut;7.529594633
2031;Brünnich's guillemot;Bjørnøya;2031;Aut;6.85518828
2032;Brünnich's guillemot;Bjørnøya;2032;Aut;6.946651068
2033;Brünnich's guillemot;Bjørnøya;2033;Aut;6.922894667
2034;Brünnich's guillemot;Bjørnøya;2034;Aut;7.804377243
2035;Brünnich's guillemot;Bjørnøya;2035;Aut;7.536928197
2036;Brünnich's guillemot;Bjørnøya;2036;Aut;7.370788749
2037;Brünnich's guillemot;Bjørnøya;2037;Aut;8.102550043
2038;Brünnich's guillemot;Bjørnøya;2038;Aut;7.470160409
2039;Brünnich's guillemot;Bjørnøya;2039;Aut;6.434957433
2040;Brünnich's guillemot;Bjørnøya;2040;Aut;8.674652129
2041;Brünnich's guillemot;Bjørnøya;2041;Aut;8.159715746
2042;Brünnich's guillemot;Bjørnøya;2042;Aut;8.079003322
2043;Brünnich's guillemot;Bjørnøya;2043;Aut;8.507381341
2044;Brünnich's guillemot;Bjørnøya;2044;Aut;6.92966402
2045;Brünnich's guillemot;Bjørnøya;2045;Aut;7.012032862
2046;Brünnich's guillemot;Bjørnøya;2046;Aut;7.379319654
2047;Brünnich's guillemot;Bjørnøya;2047;Aut;8.821926748
2048;Brünnich's guillemot;Bjørnøya;2048;Aut;8.13643244
2049;Brünnich's guillemot;Bjørnøya;2049;Aut;9.634738057
2050;Brünnich's guillemot;Bjørnøya;2050;Aut;8.271037446
1980;Brünnich's guillemot;Isfjorden;1980;Aut;2.877722644
1981;Brünnich's guillemot;Isfjorden;1981;Aut;2.492762023
1982;Brünnich's guillemot;Isfjorden;1982;Aut;2.139910334
1983;Brünnich's guillemot;Isfjorden;1983;Aut;3.105681501
1984;Brünnich's guillemot;Isfjorden;1984;Aut;3.015386884
1985;Brünnich's guillemot;Isfjorden;1985;Aut;3.65943873
1986;Brünnich's guillemot;Isfjorden;1986;Aut;3.094381912
1987;Brünnich's guillemot;Isfjorden;1987;Aut;2.003017515
1988;Brünnich's guillemot;Isfjorden;1988;Aut;2.898314161
1989;Brünnich's guillemot;Isfjorden;1989;Aut;2.604156732
1990;Brünnich's guillemot;Isfjorden;1990;Aut;3.740607561
1991;Brünnich's guillemot;Isfjorden;1991;Aut;3.083119737
1992;Brünnich's guillemot;Isfjorden;1992;Aut;2.710537046
1993;Brünnich's guillemot;Isfjorden;1993;Aut;4.02757711
1994;Brünnich's guillemot;Isfjorden;1994;Aut;2.896771637
1995;Brünnich's guillemot;Isfjorden;1995;Aut;2.795883852
1996;Brünnich's guillemot;Isfjorden;1996;Aut;3.155682452
1997;Brünnich's guillemot;Isfjorden;1997;Aut;2.313212447
1998;Brünnich's guillemot;Isfjorden;1998;Aut;3.933537629
1999;Brünnich's guillemot;Isfjorden;1999;Aut;3.748850954
2000;Brünnich's guillemot;Isfjorden;2000;Aut;3.559488192
2001;Brünnich's guillemot;Isfjorden;2001;Aut;4.277426821
2002;Brünnich's guillemot;Isfjorden;2002;Aut;4.90909408
2003;Brünnich's guillemot;Isfjorden;2003;Aut;4.366426225
2004;Brünnich's guillemot;Isfjorden;2004;Aut;5.058231978
2005;Brünnich's guillemot;Isfjorden;2005;Aut;4.134164468
2006;Brünnich's guillemot;Isfjorden;2006;Aut;4.284518631
2007;Brünnich's guillemot;Isfjorden;2007;Aut;3.482863865
2008;Brünnich's guillemot;Isfjorden;2008;Aut;4.322696834
2009;Brünnich's guillemot;Isfjorden;2009;Aut;4.556378412
2010;Brünnich's guillemot;Isfjorden;2010;Aut;4.729684012
2011;Brünnich's guillemot;Isfjorden;2011;Aut;4.357247806
2012;Brünnich's guillemot;Isfjorden;2012;Aut;3.921812538
2013;Brünnich's guillemot;Isfjorden;2013;Aut;4.801627498
2014;Brünnich's guillemot;Isfjorden;2014;Aut;4.983900036
2015;Brünnich's guillemot;Isfjorden;2015;Aut;4.801807275
2016;Brünnich's guillemot;Isfjorden;2016;Aut;4.123391525
2017;Brünnich's guillemot;Isfjorden;2017;Aut;3.828475041
2018;Brünnich's guillemot;Isfjorden;2018;Aut;3.730867936
2019;Brünnich's guillemot;Isfjorden;2019;Aut;4.367379959
2020;Brünnich's guillemot;Isfjorden;2020;Aut;4.570846439
2021;Brünnich's guillemot;Isfjorden;2021;Aut;5.105772182
2022;Brünnich's guillemot;Isfjorden;2022;Aut;4.805173879
2023;Brünnich's guillemot;Isfjorden;2023;Aut;3.96601404
2024;Brünnich's guillemot;Isfjorden;2024;Aut;4.716132305
2025;Brünnich's guillemot;Isfjorden;2025;Aut;4.569819146
2026;Brünnich's guillemot;Isfjorden;2026;Aut;5.380327656
2027;Brünnich's guillemot;Isfjorden;2027;Aut;4.712495561
2028;Brünnich's guillemot;Isfjorden;2028;Aut;4.516571758
2029;Brünnich's guillemot;Isfjorden;2029;Aut;5.536010425
2030;Brünnich's guillemot;Isfjorden;2030;Aut;4.703486138
2031;Brünnich's guillemot;Isfjorden;2031;Aut;4.64034408
2032;Brünnich's guillemot;Isfjorden;2032;Aut;4.281750647
2033;Brünnich's guillemot;Isfjorden;2033;Aut;3.710557021
2034;Brünnich's guillemot;Isfjorden;2034;Aut;5.025759055
2035;Brünnich's guillemot;Isfjorden;2035;Aut;5.002724229
2036;Brünnich's guillemot;Isfjorden;2036;Aut;4.505845107
2037;Brünnich's guillemot;Isfjorden;2037;Aut;4.927863738
2038;Brünnich's guillemot;Isfjorden;2038;Aut;5.436982549
2039;Brünnich's guillemot;Isfjorden;2039;Aut;4.859172712
2040;Brünnich's guillemot;Isfjorden;2040;Aut;5.626875444
2041;Brünnich's guillemot;Isfjorden;2041;Aut;4.967002017
2042;Brünnich's guillemot;Isfjorden;2042;Aut;4.975568499
2043;Brünnich's guillemot;Isfjorden;2043;Aut;4.707382242
2044;Brünnich's guillemot;Isfjorden;2044;Aut;5.203173511
2045;Brünnich's guillemot;Isfjorden;2045;Aut;5.66144861
2046;Brünnich's guillemot;Isfjorden;2046;Aut;5.730351119
2047;Brünnich's guillemot;Isfjorden;2047;Aut;5.611870624
2048;Brünnich's guillemot;Isfjorden;2048;Aut;5.023164189
2049;Brünnich's guillemot;Isfjorden;2049;Aut;5.697764686
2050;Brünnich's guillemot;Isfjorden;2050;Aut;6.055389166
1980;Brünnich's guillemot;Jan Mayen;1980;Aut;3.390470644
1981;Brünnich's guillemot;Jan Mayen;1981;Aut;1.595490069
1982;Brünnich's guillemot;Jan Mayen;1982;Aut;2.185174394
1983;Brünnich's guillemot;Jan Mayen;1983;Aut;2.526862539
1984;Brünnich's guillemot;Jan Mayen;1984;Aut;2.526951924
1985;Brünnich's guillemot;Jan Mayen;1985;Aut;3.153902381
1986;Brünnich's guillemot;Jan Mayen;1986;Aut;3.307885075
1987;Brünnich's guillemot;Jan Mayen;1987;Aut;2.585362902
1988;Brünnich's guillemot;Jan Mayen;1988;Aut;3.023541293
1989;Brünnich's guillemot;Jan Mayen;1989;Aut;2.273438567
1990;Brünnich's guillemot;Jan Mayen;1990;Aut;3.102708227
1991;Brünnich's guillemot;Jan Mayen;1991;Aut;3.186489818
1992;Brünnich's guillemot;Jan Mayen;1992;Aut;2.417203376
1993;Brünnich's guillemot;Jan Mayen;1993;Aut;2.370413091
1994;Brünnich's guillemot;Jan Mayen;1994;Aut;3.280117748
1995;Brünnich's guillemot;Jan Mayen;1995;Aut;2.161997711
1996;Brünnich's guillemot;Jan Mayen;1996;Aut;3.074462624
1997;Brünnich's guillemot;Jan Mayen;1997;Aut;2.379424282
1998;Brünnich's guillemot;Jan Mayen;1998;Aut;2.745124925
1999;Brünnich's guillemot;Jan Mayen;1999;Aut;3.932107961
2000;Brünnich's guillemot;Jan Mayen;2000;Aut;3.43911533
2001;Brünnich's guillemot;Jan Mayen;2001;Aut;4.034346183
2002;Brünnich's guillemot;Jan Mayen;2002;Aut;4.080533454
2003;Brünnich's guillemot;Jan Mayen;2003;Aut;5.197604887
2004;Brünnich's guillemot;Jan Mayen;2004;Aut;5.392148277
2005;Brünnich's guillemot;Jan Mayen;2005;Aut;3.510979391
2006;Brünnich's guillemot;Jan Mayen;2006;Aut;4.033617764
2007;Brünnich's guillemot;Jan Mayen;2007;Aut;3.627721301
2008;Brünnich's guillemot;Jan Mayen;2008;Aut;5.086007941
2009;Brünnich's guillemot;Jan Mayen;2009;Aut;4.25656885
2010;Brünnich's guillemot;Jan Mayen;2010;Aut;4.548658427
2011;Brünnich's guillemot;Jan Mayen;2011;Aut;3.662625406
2012;Brünnich's guillemot;Jan Mayen;2012;Aut;3.799907814
2013;Brünnich's guillemot;Jan Mayen;2013;Aut;3.9769091
2014;Brünnich's guillemot;Jan Mayen;2014;Aut;5.37049714
2015;Brünnich's guillemot;Jan Mayen;2015;Aut;4.359017861
2016;Brünnich's guillemot;Jan Mayen;2016;Aut;4.645649628
2017;Brünnich's guillemot;Jan Mayen;2017;Aut;3.160535535
2018;Brünnich's guillemot;Jan Mayen;2018;Aut;3.700595943
2019;Brünnich's guillemot;Jan Mayen;2019;Aut;3.962716258
2020;Brünnich's guillemot;Jan Mayen;2020;Aut;4.057329422
2021;Brünnich's guillemot;Jan Mayen;2021;Aut;4.726503533
2022;Brünnich's guillemot;Jan Mayen;2022;Aut;4.803854087
2023;Brünnich's guillemot;Jan Mayen;2023;Aut;4.312947324
2024;Brünnich's guillemot;Jan Mayen;2024;Aut;4.57470543
2025;Brünnich's guillemot;Jan Mayen;2025;Aut;4.214465932
2026;Brünnich's guillemot;Jan Mayen;2026;Aut;4.797765913
2027;Brünnich's guillemot;Jan Mayen;2027;Aut;4.864244205
2028;Brünnich's guillemot;Jan Mayen;2028;Aut;4.371491713
2029;Brünnich's guillemot;Jan Mayen;2029;Aut;4.34285255
2030;Brünnich's guillemot;Jan Mayen;2030;Aut;5.07907995
2031;Brünnich's guillemot;Jan Mayen;2031;Aut;4.146279991
2032;Brünnich's guillemot;Jan Mayen;2032;Aut;4.612272402
2033;Brünnich's guillemot;Jan Mayen;2033;Aut;4.046677953
2034;Brünnich's guillemot;Jan Mayen;2034;Aut;4.142579192
2035;Brünnich's guillemot;Jan Mayen;2035;Aut;5.161903657
2036;Brünnich's guillemot;Jan Mayen;2036;Aut;4.260100885
2037;Brünnich's guillemot;Jan Mayen;2037;Aut;4.710713104
2038;Brünnich's guillemot;Jan Mayen;2038;Aut;4.756185296
2039;Brünnich's guillemot;Jan Mayen;2039;Aut;5.673623074
2040;Brünnich's guillemot;Jan Mayen;2040;Aut;5.825986835
2041;Brünnich's guillemot;Jan Mayen;2041;Aut;3.909750416
2042;Brünnich's guillemot;Jan Mayen;2042;Aut;4.550000534
2043;Brünnich's guillemot;Jan Mayen;2043;Aut;4.43914268
2044;Brünnich's guillemot;Jan Mayen;2044;Aut;5.796268384
2045;Brünnich's guillemot;Jan Mayen;2045;Aut;5.233010614
2046;Brünnich's guillemot;Jan Mayen;2046;Aut;5.397371286
2047;Brünnich's guillemot;Jan Mayen;2047;Aut;4.666183455
2048;Brünnich's guillemot;Jan Mayen;2048;Aut;4.579026586
2049;Brünnich's guillemot;Jan Mayen;2049;Aut;5.025246942
2050;Brünnich's guillemot;Jan Mayen;2050;Aut;6.479385193
1980;Brünnich's guillemot;Kongsfjorden;1980;Aut;3.461175685
1981;Brünnich's guillemot;Kongsfjorden;1981;Aut;2.789307761
1982;Brünnich's guillemot;Kongsfjorden;1982;Aut;2.622685323
1983;Brünnich's guillemot;Kongsfjorden;1983;Aut;3.405416089
1984;Brünnich's guillemot;Kongsfjorden;1984;Aut;3.300604278
1985;Brünnich's guillemot;Kongsfjorden;1985;Aut;3.903373917
1986;Brünnich's guillemot;Kongsfjorden;1986;Aut;3.655161333
1987;Brünnich's guillemot;Kongsfjorden;1987;Aut;2.622842776
1988;Brünnich's guillemot;Kongsfjorden;1988;Aut;3.440178411
1989;Brünnich's guillemot;Kongsfjorden;1989;Aut;3.027004607
1990;Brünnich's guillemot;Kongsfjorden;1990;Aut;3.994720253
1991;Brünnich's guillemot;Kongsfjorden;1991;Aut;3.473717672
1992;Brünnich's guillemot;Kongsfjorden;1992;Aut;3.145447308
1993;Brünnich's guillemot;Kongsfjorden;1993;Aut;4.282943003
1994;Brünnich's guillemot;Kongsfjorden;1994;Aut;3.48313979
1995;Brünnich's guillemot;Kongsfjorden;1995;Aut;3.11521692
1996;Brünnich's guillemot;Kongsfjorden;1996;Aut;3.540646112
1997;Brünnich's guillemot;Kongsfjorden;1997;Aut;2.735965393
1998;Brünnich's guillemot;Kongsfjorden;1998;Aut;4.184208171
1999;Brünnich's guillemot;Kongsfjorden;1999;Aut;4.297374722
2000;Brünnich's guillemot;Kongsfjorden;2000;Aut;3.941859384
2001;Brünnich's guillemot;Kongsfjorden;2001;Aut;4.59631843
2002;Brünnich's guillemot;Kongsfjorden;2002;Aut;5.144470156
2003;Brünnich's guillemot;Kongsfjorden;2003;Aut;4.979885761
2004;Brünnich's guillemot;Kongsfjorden;2004;Aut;5.517757044
2005;Brünnich's guillemot;Kongsfjorden;2005;Aut;4.484046177
2006;Brünnich's guillemot;Kongsfjorden;2006;Aut;4.693905684
2007;Brünnich's guillemot;Kongsfjorden;2007;Aut;4.030544056
2008;Brünnich's guillemot;Kongsfjorden;2008;Aut;4.980763252
2009;Brünnich's guillemot;Kongsfjorden;2009;Aut;4.994156783
2010;Brünnich's guillemot;Kongsfjorden;2010;Aut;5.147943558
2011;Brünnich's guillemot;Kongsfjorden;2011;Aut;4.752698756
2012;Brünnich's guillemot;Kongsfjorden;2012;Aut;4.334255583
2013;Brünnich's guillemot;Kongsfjorden;2013;Aut;4.926936141
2014;Brünnich's guillemot;Kongsfjorden;2014;Aut;5.556685974
2015;Brünnich's guillemot;Kongsfjorden;2015;Aut;5.1425188
2016;Brünnich's guillemot;Kongsfjorden;2016;Aut;4.783209553
2017;Brünnich's guillemot;Kongsfjorden;2017;Aut;4.214194418
2018;Brünnich's guillemot;Kongsfjorden;2018;Aut;4.139034784
2019;Brünnich's guillemot;Kongsfjorden;2019;Aut;4.755335062
2020;Brünnich's guillemot;Kongsfjorden;2020;Aut;4.875770104
2021;Brünnich's guillemot;Kongsfjorden;2021;Aut;5.393741862
2022;Brünnich's guillemot;Kongsfjorden;2022;Aut;5.283804277
2023;Brünnich's guillemot;Kongsfjorden;2023;Aut;4.492533602
2024;Brünnich's guillemot;Kongsfjorden;2024;Aut;5.17086447
2025;Brünnich's guillemot;Kongsfjorden;2025;Aut;4.909900256
2026;Brünnich's guillemot;Kongsfjorden;2026;Aut;5.604988961
2027;Brünnich's guillemot;Kongsfjorden;2027;Aut;5.067882534
2028;Brünnich's guillemot;Kongsfjorden;2028;Aut;4.892336874
2029;Brünnich's guillemot;Kongsfjorden;2029;Aut;5.818604046
2030;Brünnich's guillemot;Kongsfjorden;2030;Aut;5.179862585
2031;Brünnich's guillemot;Kongsfjorden;2031;Aut;4.851581312
2032;Brünnich's guillemot;Kongsfjorden;2032;Aut;4.684952092
2033;Brünnich's guillemot;Kongsfjorden;2033;Aut;4.103578075
2034;Brünnich's guillemot;Kongsfjorden;2034;Aut;5.27795935
2035;Brünnich's guillemot;Kongsfjorden;2035;Aut;5.436565248
2036;Brünnich's guillemot;Kongsfjorden;2036;Aut;4.814806598
2037;Brünnich's guillemot;Kongsfjorden;2037;Aut;5.212655271
2038;Brünnich's guillemot;Kongsfjorden;2038;Aut;5.68814538
2039;Brünnich's guillemot;Kongsfjorden;2039;Aut;5.431447141
2040;Brünnich's guillemot;Kongsfjorden;2040;Aut;6.009211827
2041;Brünnich's guillemot;Kongsfjorden;2041;Aut;5.111451611
2042;Brünnich's guillemot;Kongsfjorden;2042;Aut;5.268100845
2043;Brünnich's guillemot;Kongsfjorden;2043;Aut;4.980759714
2044;Brünnich's guillemot;Kongsfjorden;2044;Aut;5.745356551
2045;Brünnich's guillemot;Kongsfjorden;2045;Aut;5.94680795
2046;Brünnich's guillemot;Kongsfjorden;2046;Aut;6.039139988
2047;Brünnich's guillemot;Kongsfjorden;2047;Aut;5.81130548
2048;Brünnich's guillemot;Kongsfjorden;2048;Aut;5.254438996
2049;Brünnich's guillemot;Kongsfjorden;2049;Aut;5.819359762
2050;Brünnich's guillemot;Kongsfjorden;2050;Aut;6.574524162
1980;Common guillemot;Hjelmsøya;1980;Aut;6.803600528
1981;Common guillemot;Hjelmsøya;1981;Aut;7.187006071
1982;Common guillemot;Hjelmsøya;1982;Aut;6.329913057
1983;Common guillemot;Hjelmsøya;1983;Aut;7.56265195
1984;Common guillemot;Hjelmsøya;1984;Aut;7.722028408
1985;Common guillemot;Hjelmsøya;1985;Aut;7.067817164
1986;Common guillemot;Hjelmsøya;1986;Aut;6.950182377
1987;Common guillemot;Hjelmsøya;1987;Aut;6.269682289
1988;Common guillemot;Hjelmsøya;1988;Aut;7.143689329
1989;Common guillemot;Hjelmsøya;1989;Aut;7.638076828
1990;Common guillemot;Hjelmsøya;1990;Aut;8.288912918
1991;Common guillemot;Hjelmsøya;1991;Aut;7.160709939
1992;Common guillemot;Hjelmsøya;1992;Aut;7.000359652
1993;Common guillemot;Hjelmsøya;1993;Aut;7.708031316
1994;Common guillemot;Hjelmsøya;1994;Aut;7.987772745
1995;Common guillemot;Hjelmsøya;1995;Aut;6.986788895
1996;Common guillemot;Hjelmsøya;1996;Aut;6.788565838
1997;Common guillemot;Hjelmsøya;1997;Aut;7.277750773
1998;Common guillemot;Hjelmsøya;1998;Aut;7.650847751
1999;Common guillemot;Hjelmsøya;1999;Aut;7.418728319
2000;Common guillemot;Hjelmsøya;2000;Aut;8.050626202
2001;Common guillemot;Hjelmsøya;2001;Aut;8.232786082
2002;Common guillemot;Hjelmsøya;2002;Aut;7.338555453
2003;Common guillemot;Hjelmsøya;2003;Aut;7.131172567
2004;Common guillemot;Hjelmsøya;2004;Aut;9.316419732
2005;Common guillemot;Hjelmsøya;2005;Aut;8.355866663
2006;Common guillemot;Hjelmsøya;2006;Aut;7.62849613
2007;Common guillemot;Hjelmsøya;2007;Aut;8.197900391
2008;Common guillemot;Hjelmsøya;2008;Aut;6.798265873
2009;Common guillemot;Hjelmsøya;2009;Aut;7.135300184
2010;Common guillemot;Hjelmsøya;2010;Aut;7.023904647
2011;Common guillemot;Hjelmsøya;2011;Aut;8.951260057
2012;Common guillemot;Hjelmsøya;2012;Aut;8.112955851
2013;Common guillemot;Hjelmsøya;2013;Aut;10.42000641
2014;Common guillemot;Hjelmsøya;2014;Aut;8.392091484
2015;Common guillemot;Hjelmsøya;2015;Aut;8.972178718
2016;Common guillemot;Hjelmsøya;2016;Aut;7.893774961
2017;Common guillemot;Hjelmsøya;2017;Aut;8.157033254
2018;Common guillemot;Hjelmsøya;2018;Aut;7.451358442
2019;Common guillemot;Hjelmsøya;2019;Aut;8.9551408
2020;Common guillemot;Hjelmsøya;2020;Aut;9.25406731
2021;Common guillemot;Hjelmsøya;2021;Aut;8.450659726
2022;Common guillemot;Hjelmsøya;2022;Aut;8.284534785
2023;Common guillemot;Hjelmsøya;2023;Aut;7.608250678
2024;Common guillemot;Hjelmsøya;2024;Aut;8.576490533
2025;Common guillemot;Hjelmsøya;2025;Aut;9.166566581
2026;Common guillemot;Hjelmsøya;2026;Aut;9.842388825
2027;Common guillemot;Hjelmsøya;2027;Aut;8.692020974
2028;Common guillemot;Hjelmsøya;2028;Aut;8.480145173
2029;Common guillemot;Hjelmsøya;2029;Aut;9.110305832
2030;Common guillemot;Hjelmsøya;2030;Aut;9.397874337
2031;Common guillemot;Hjelmsøya;2031;Aut;8.466827666
2032;Common guillemot;Hjelmsøya;2032;Aut;8.11089432
2033;Common guillemot;Hjelmsøya;2033;Aut;8.482644881
2034;Common guillemot;Hjelmsøya;2034;Aut;8.799205996
2035;Common guillemot;Hjelmsøya;2035;Aut;8.688488223
2036;Common guillemot;Hjelmsøya;2036;Aut;9.248239819
2037;Common guillemot;Hjelmsøya;2037;Aut;9.28325669
2038;Common guillemot;Hjelmsøya;2038;Aut;8.448266602
2039;Common guillemot;Hjelmsøya;2039;Aut;8.197685401
2040;Common guillemot;Hjelmsøya;2040;Aut;10.54484335
2041;Common guillemot;Hjelmsøya;2041;Aut;9.824917284
2042;Common guillemot;Hjelmsøya;2042;Aut;9.231900617
2043;Common guillemot;Hjelmsøya;2043;Aut;9.776060919
2044;Common guillemot;Hjelmsøya;2044;Aut;8.329306349
2045;Common guillemot;Hjelmsøya;2045;Aut;8.650085267
2046;Common guillemot;Hjelmsøya;2046;Aut;8.568944037
2047;Common guillemot;Hjelmsøya;2047;Aut;10.36421117
2048;Common guillemot;Hjelmsøya;2048;Aut;9.562330377
2049;Common guillemot;Hjelmsøya;2049;Aut;11.78043176
2050;Common guillemot;Hjelmsøya;2050;Aut;9.612115934
1980;Common guillemot;Hornøya;1980;Aut;6.497431747
1981;Common guillemot;Hornøya;1981;Aut;7.100967717
1982;Common guillemot;Hornøya;1982;Aut;6.263721942
1983;Common guillemot;Hornøya;1983;Aut;7.435060009
1984;Common guillemot;Hornøya;1984;Aut;7.84462183
1985;Common guillemot;Hornøya;1985;Aut;6.929857868
1986;Common guillemot;Hornøya;1986;Aut;6.775139939
1987;Common guillemot;Hornøya;1987;Aut;6.065624823
1988;Common guillemot;Hornøya;1988;Aut;7.054472196
1989;Common guillemot;Hornøya;1989;Aut;7.826589037
1990;Common guillemot;Hornøya;1990;Aut;8.248871823
1991;Common guillemot;Hornøya;1991;Aut;7.123698447
1992;Common guillemot;Hornøya;1992;Aut;6.78510636
1993;Common guillemot;Hornøya;1993;Aut;7.655966585
1994;Common guillemot;Hornøya;1994;Aut;7.78620057
1995;Common guillemot;Hornøya;1995;Aut;7.064289126
1996;Common guillemot;Hornøya;1996;Aut;6.430703514
1997;Common guillemot;Hornøya;1997;Aut;7.10664664
1998;Common guillemot;Hornøya;1998;Aut;7.301162145
1999;Common guillemot;Hornøya;1999;Aut;7.266562288
2000;Common guillemot;Hornøya;2000;Aut;8.475373287
2001;Common guillemot;Hornøya;2001;Aut;8.21906809
2002;Common guillemot;Hornøya;2002;Aut;7.123373811
2003;Common guillemot;Hornøya;2003;Aut;7.271037315
2004;Common guillemot;Hornøya;2004;Aut;9.362432596
2005;Common guillemot;Hornøya;2005;Aut;8.45346432
2006;Common guillemot;Hornøya;2006;Aut;7.574315699
2007;Common guillemot;Hornøya;2007;Aut;8.184719451
2008;Common guillemot;Hornøya;2008;Aut;6.899706501
2009;Common guillemot;Hornøya;2009;Aut;7.44717593
2010;Common guillemot;Hornøya;2010;Aut;6.797652181
2011;Common guillemot;Hornøya;2011;Aut;8.950298453
2012;Common guillemot;Hornøya;2012;Aut;8.229095547
2013;Common guillemot;Hornøya;2013;Aut;10.53062072
2014;Common guillemot;Hornøya;2014;Aut;8.303498287
2015;Common guillemot;Hornøya;2015;Aut;8.878510495
2016;Common guillemot;Hornøya;2016;Aut;7.663319994
2017;Common guillemot;Hornøya;2017;Aut;8.067799975
2018;Common guillemot;Hornøya;2018;Aut;7.430585867
2019;Common guillemot;Hornøya;2019;Aut;8.946766375
2020;Common guillemot;Hornøya;2020;Aut;9.530517224
2021;Common guillemot;Hornøya;2021;Aut;8.355853183
2022;Common guillemot;Hornøya;2022;Aut;8.196632805
2023;Common guillemot;Hornøya;2023;Aut;7.439215707
2024;Common guillemot;Hornøya;2024;Aut;8.543359375
2025;Common guillemot;Hornøya;2025;Aut;9.445002548
2026;Common guillemot;Hornøya;2026;Aut;9.886745818
2027;Common guillemot;Hornøya;2027;Aut;8.698847762
2028;Common guillemot;Hornøya;2028;Aut;8.32037672
2029;Common guillemot;Hornøya;2029;Aut;9.167235974
2030;Common guillemot;Hornøya;2030;Aut;9.270610069
2031;Common guillemot;Hornøya;2031;Aut;8.746571947
2032;Common guillemot;Hornøya;2032;Aut;7.935527061
2033;Common guillemot;Hornøya;2033;Aut;8.399775497
2034;Common guillemot;Hornøya;2034;Aut;8.536308488
2035;Common guillemot;Hornøya;2035;Aut;8.580637702
2036;Common guillemot;Hornøya;2036;Aut;9.832160928
2037;Common guillemot;Hornøya;2037;Aut;9.294621653
2038;Common guillemot;Hornøya;2038;Aut;8.326883598
2039;Common guillemot;Hornøya;2039;Aut;8.417040485
2040;Common guillemot;Hornøya;2040;Aut;10.61742509
2041;Common guillemot;Hornøya;2041;Aut;9.939742909
2042;Common guillemot;Hornøya;2042;Aut;9.272360628
2043;Common guillemot;Hornøya;2043;Aut;9.836524499
2044;Common guillemot;Hornøya;2044;Aut;8.551186028
2045;Common guillemot;Hornøya;2045;Aut;9.032593304
2046;Common guillemot;Hornøya;2046;Aut;8.427172321
2047;Common guillemot;Hornøya;2047;Aut;10.45996412
2048;Common guillemot;Hornøya;2048;Aut;9.792369544
2049;Common guillemot;Hornøya;2049;Aut;11.97898675
2050;Common guillemot;Hornøya;2050;Aut;9.686859219
1980;Common guillemot;Jan Mayen;1980;Aut;5.676264184
1981;Common guillemot;Jan Mayen;1981;Aut;4.713908248
1982;Common guillemot;Jan Mayen;1982;Aut;4.793048146
1983;Common guillemot;Jan Mayen;1983;Aut;5.097114197
1984;Common guillemot;Jan Mayen;1984;Aut;5.277243067
1985;Common guillemot;Jan Mayen;1985;Aut;5.302950974
1986;Common guillemot;Jan Mayen;1986;Aut;5.269830574
1987;Common guillemot;Jan Mayen;1987;Aut;5.015592919
1988;Common guillemot;Jan Mayen;1988;Aut;5.31735628
1989;Common guillemot;Jan Mayen;1989;Aut;5.257375367
1990;Common guillemot;Jan Mayen;1990;Aut;5.990535213
1991;Common guillemot;Jan Mayen;1991;Aut;5.332123761
1992;Common guillemot;Jan Mayen;1992;Aut;4.986079646
1993;Common guillemot;Jan Mayen;1993;Aut;5.01294369
1994;Common guillemot;Jan Mayen;1994;Aut;5.838627788
1995;Common guillemot;Jan Mayen;1995;Aut;5.010215772
1996;Common guillemot;Jan Mayen;1996;Aut;5.340769568
1997;Common guillemot;Jan Mayen;1997;Aut;5.287559522
1998;Common guillemot;Jan Mayen;1998;Aut;5.417717245
1999;Common guillemot;Jan Mayen;1999;Aut;5.840329206
2000;Common guillemot;Jan Mayen;2000;Aut;6.009751703
2001;Common guillemot;Jan Mayen;2001;Aut;6.338182888
2002;Common guillemot;Jan Mayen;2002;Aut;5.679226155
2003;Common guillemot;Jan Mayen;2003;Aut;6.823462822
2004;Common guillemot;Jan Mayen;2004;Aut;7.473777279
2005;Common guillemot;Jan Mayen;2005;Aut;6.079115384
2006;Common guillemot;Jan Mayen;2006;Aut;5.961003781
2007;Common guillemot;Jan Mayen;2007;Aut;6.262662727
2008;Common guillemot;Jan Mayen;2008;Aut;6.145138777
2009;Common guillemot;Jan Mayen;2009;Aut;6.192008733
2010;Common guillemot;Jan Mayen;2010;Aut;6.122534079
2011;Common guillemot;Jan Mayen;2011;Aut;6.467592551
2012;Common guillemot;Jan Mayen;2012;Aut;6.491746332
2013;Common guillemot;Jan Mayen;2013;Aut;7.266027731
2014;Common guillemot;Jan Mayen;2014;Aut;7.254093088
2015;Common guillemot;Jan Mayen;2015;Aut;6.792952306
2016;Common guillemot;Jan Mayen;2016;Aut;6.775905842
2017;Common guillemot;Jan Mayen;2017;Aut;5.864424978
2018;Common guillemot;Jan Mayen;2018;Aut;5.959325567
2019;Common guillemot;Jan Mayen;2019;Aut;6.492741054
2020;Common guillemot;Jan Mayen;2020;Aut;6.744970602
2021;Common guillemot;Jan Mayen;2021;Aut;6.843864201
2022;Common guillemot;Jan Mayen;2022;Aut;6.693057932
2023;Common guillemot;Jan Mayen;2023;Aut;6.465892142
2024;Common guillemot;Jan Mayen;2024;Aut;6.788628394
2025;Common guillemot;Jan Mayen;2025;Aut;6.820708674
2026;Common guillemot;Jan Mayen;2026;Aut;7.521978407
2027;Common guillemot;Jan Mayen;2027;Aut;6.907971292
2028;Common guillemot;Jan Mayen;2028;Aut;6.538221829
2029;Common guillemot;Jan Mayen;2029;Aut;6.60762889
2030;Common guillemot;Jan Mayen;2030;Aut;7.292804006
2031;Common guillemot;Jan Mayen;2031;Aut;6.556779039
2032;Common guillemot;Jan Mayen;2032;Aut;6.78346714
2033;Common guillemot;Jan Mayen;2033;Aut;6.636913155
2034;Common guillemot;Jan Mayen;2034;Aut;6.666697806
2035;Common guillemot;Jan Mayen;2035;Aut;7.029856986
2036;Common guillemot;Jan Mayen;2036;Aut;6.986542202
2037;Common guillemot;Jan Mayen;2037;Aut;7.255537251
2038;Common guillemot;Jan Mayen;2038;Aut;6.62629909
2039;Common guillemot;Jan Mayen;2039;Aut;7.667323291
2040;Common guillemot;Jan Mayen;2040;Aut;8.3213276
2041;Common guillemot;Jan Mayen;2041;Aut;6.890943997
2042;Common guillemot;Jan Mayen;2042;Aut;6.914591337
2043;Common guillemot;Jan Mayen;2043;Aut;7.218075284
2044;Common guillemot;Jan Mayen;2044;Aut;7.181488491
2045;Common guillemot;Jan Mayen;2045;Aut;7.321870864
2046;Common guillemot;Jan Mayen;2046;Aut;7.182663796
2047;Common guillemot;Jan Mayen;2047;Aut;7.475040354
2048;Common guillemot;Jan Mayen;2048;Aut;7.446737192
2049;Common guillemot;Jan Mayen;2049;Aut;8.349464303
2050;Common guillemot;Jan Mayen;2050;Aut;8.313254314
1980;Little auk;Bjørnøya;1980;Aut;2.326002866
1981;Little auk;Bjørnøya;1981;Aut;2.369630696
1982;Little auk;Bjørnøya;1982;Aut;1.070009239
1983;Little auk;Bjørnøya;1983;Aut;2.773285646
1984;Little auk;Bjørnøya;1984;Aut;3.214576538
1985;Little auk;Bjørnøya;1985;Aut;2.879923884
1986;Little auk;Bjørnøya;1986;Aut;2.645886753
1987;Little auk;Bjørnøya;1987;Aut;1.775973181
1988;Little auk;Bjørnøya;1988;Aut;1.962572447
1989;Little auk;Bjørnøya;1989;Aut;1.701145323
1990;Little auk;Bjørnøya;1990;Aut;2.891889509
1991;Little auk;Bjørnøya;1991;Aut;2.527130736
1992;Little auk;Bjørnøya;1992;Aut;2.506160498
1993;Little auk;Bjørnøya;1993;Aut;2.440938156
1994;Little auk;Bjørnøya;1994;Aut;2.682181663
1995;Little auk;Bjørnøya;1995;Aut;2.980207007
1996;Little auk;Bjørnøya;1996;Aut;2.63075078
1997;Little auk;Bjørnøya;1997;Aut;2.620212457
1998;Little auk;Bjørnøya;1998;Aut;2.780437076
1999;Little auk;Bjørnøya;1999;Aut;2.773222249
2000;Little auk;Bjørnøya;2000;Aut;3.358436277
2001;Little auk;Bjørnøya;2001;Aut;4.16909304
2002;Little auk;Bjørnøya;2002;Aut;3.088196721
2003;Little auk;Bjørnøya;2003;Aut;1.940683574
2004;Little auk;Bjørnøya;2004;Aut;3.817941004
2005;Little auk;Bjørnøya;2005;Aut;3.565688049
2006;Little auk;Bjørnøya;2006;Aut;3.973646039
2007;Little auk;Bjørnøya;2007;Aut;4.258522596
2008;Little auk;Bjørnøya;2008;Aut;2.788704543
2009;Little auk;Bjørnøya;2009;Aut;2.978281479
2010;Little auk;Bjørnøya;2010;Aut;3.257004051
2011;Little auk;Bjørnøya;2011;Aut;4.531637144
2012;Little auk;Bjørnøya;2012;Aut;4.179000625
2013;Little auk;Bjørnøya;2013;Aut;4.838613401
2014;Little auk;Bjørnøya;2014;Aut;3.157075702
2015;Little auk;Bjørnøya;2015;Aut;4.094325098
2016;Little auk;Bjørnøya;2016;Aut;3.348099333
2017;Little auk;Bjørnøya;2017;Aut;3.437734494
2018;Little auk;Bjørnøya;2018;Aut;2.438743874
2019;Little auk;Bjørnøya;2019;Aut;3.843883059
2020;Little auk;Bjørnøya;2020;Aut;4.512594424
2021;Little auk;Bjørnøya;2021;Aut;4.374433455
2022;Little auk;Bjørnøya;2022;Aut;4.312847117
2023;Little auk;Bjørnøya;2023;Aut;3.590088935
2024;Little auk;Bjørnøya;2024;Aut;3.978969896
2025;Little auk;Bjørnøya;2025;Aut;4.112281616
2026;Little auk;Bjørnøya;2026;Aut;5.18474141
2027;Little auk;Bjørnøya;2027;Aut;4.758953199
2028;Little auk;Bjørnøya;2028;Aut;4.670102668
2029;Little auk;Bjørnøya;2029;Aut;4.505153853
2030;Little auk;Bjørnøya;2030;Aut;4.516681666
2031;Little auk;Bjørnøya;2031;Aut;4.771328294
2032;Little auk;Bjørnøya;2032;Aut;4.314884523
2033;Little auk;Bjørnøya;2033;Aut;4.24478086
2034;Little auk;Bjørnøya;2034;Aut;4.386606177
2035;Little auk;Bjørnøya;2035;Aut;4.548192464
2036;Little auk;Bjørnøya;2036;Aut;5.037717042
2037;Little auk;Bjørnøya;2037;Aut;5.71055319
2038;Little auk;Bjørnøya;2038;Aut;4.807882013
2039;Little auk;Bjørnøya;2039;Aut;3.870536652
2040;Little auk;Bjørnøya;2040;Aut;5.372663559
2041;Little auk;Bjørnøya;2041;Aut;5.343904191
2042;Little auk;Bjørnøya;2042;Aut;5.791007719
2043;Little auk;Bjørnøya;2043;Aut;6.073194503
2044;Little auk;Bjørnøya;2044;Aut;4.704800471
2045;Little auk;Bjørnøya;2045;Aut;4.748258497
2046;Little auk;Bjørnøya;2046;Aut;5.136770263
2047;Little auk;Bjørnøya;2047;Aut;6.215959338
2048;Little auk;Bjørnøya;2048;Aut;6.082016383
2049;Little auk;Bjørnøya;2049;Aut;6.654426702
2050;Little auk;Bjørnøya;2050;Aut;5.064964826
1980;Little auk;Isfjorden;1980;Aut;1.770985302
1981;Little auk;Isfjorden;1981;Aut;1.876295788
1982;Little auk;Isfjorden;1982;Aut;1.124575287
1983;Little auk;Isfjorden;1983;Aut;2.190818338
1984;Little auk;Isfjorden;1984;Aut;2.554626695
1985;Little auk;Isfjorden;1985;Aut;3.010551416
1986;Little auk;Isfjorden;1986;Aut;1.919305009
1987;Little auk;Isfjorden;1987;Aut;1.010046683
1988;Little auk;Isfjorden;1988;Aut;1.801162004
1989;Little auk;Isfjorden;1989;Aut;1.747695207
1990;Little auk;Isfjorden;1990;Aut;3.135507655
1991;Little auk;Isfjorden;1991;Aut;2.355843911
1992;Little auk;Isfjorden;1992;Aut;1.751457671
1993;Little auk;Isfjorden;1993;Aut;2.802551829
1994;Little auk;Isfjorden;1994;Aut;1.494376935
1995;Little auk;Isfjorden;1995;Aut;1.501725831
1996;Little auk;Isfjorden;1996;Aut;2.45709778
1997;Little auk;Isfjorden;1997;Aut;1.602378232
1998;Little auk;Isfjorden;1998;Aut;3.012824029
1999;Little auk;Isfjorden;1999;Aut;2.327123497
2000;Little auk;Isfjorden;2000;Aut;2.674751779
2001;Little auk;Isfjorden;2001;Aut;3.374380172
2002;Little auk;Isfjorden;2002;Aut;4.046343353
2003;Little auk;Isfjorden;2003;Aut;3.361005083
2004;Little auk;Isfjorden;2004;Aut;4.020268015
2005;Little auk;Isfjorden;2005;Aut;2.74488759
2006;Little auk;Isfjorden;2006;Aut;3.300031126
2007;Little auk;Isfjorden;2007;Aut;2.110044314
2008;Little auk;Isfjorden;2008;Aut;2.945563945
2009;Little auk;Isfjorden;2009;Aut;3.147362294
2010;Little auk;Isfjorden;2010;Aut;3.302988452
2011;Little auk;Isfjorden;2011;Aut;3.321475031
2012;Little auk;Isfjorden;2012;Aut;2.880204341
2013;Little auk;Isfjorden;2013;Aut;4.030863784
2014;Little auk;Isfjorden;2014;Aut;3.456124508
2015;Little auk;Isfjorden;2015;Aut;3.580844503
2016;Little auk;Isfjorden;2016;Aut;2.451141012
2017;Little auk;Isfjorden;2017;Aut;2.8854277
2018;Little auk;Isfjorden;2018;Aut;2.800390428
2019;Little auk;Isfjorden;2019;Aut;3.094443333
2020;Little auk;Isfjorden;2020;Aut;3.751733398
2021;Little auk;Isfjorden;2021;Aut;4.206045869
2022;Little auk;Isfjorden;2022;Aut;3.602451935
2023;Little auk;Isfjorden;2023;Aut;2.847554645
2024;Little auk;Isfjorden;2024;Aut;3.515258197
2025;Little auk;Isfjorden;2025;Aut;3.687613252
2026;Little auk;Isfjorden;2026;Aut;4.692122615
2027;Little auk;Isfjorden;2027;Aut;4.019505322
2028;Little auk;Isfjorden;2028;Aut;3.695020387
2029;Little auk;Isfjorden;2029;Aut;4.386682951
2030;Little auk;Isfjorden;2030;Aut;3.669171422
2031;Little auk;Isfjorden;2031;Aut;3.877175286
2032;Little auk;Isfjorden;2032;Aut;3.786460593
2033;Little auk;Isfjorden;2033;Aut;3.279904331
2034;Little auk;Isfjorden;2034;Aut;4.26316655
2035;Little auk;Isfjorden;2035;Aut;4.035239561
2036;Little auk;Isfjorden;2036;Aut;3.855323713
2037;Little auk;Isfjorden;2037;Aut;4.277815975
2038;Little auk;Isfjorden;2038;Aut;4.717311215
2039;Little auk;Isfjorden;2039;Aut;4.194942077
2040;Little auk;Isfjorden;2040;Aut;4.873267062
2041;Little auk;Isfjorden;2041;Aut;4.27679269
2042;Little auk;Isfjorden;2042;Aut;4.393827191
2043;Little auk;Isfjorden;2043;Aut;4.104820955
2044;Little auk;Isfjorden;2044;Aut;4.252303608
2045;Little auk;Isfjorden;2045;Aut;4.79873672
2046;Little auk;Isfjorden;2046;Aut;4.854665981
2047;Little auk;Isfjorden;2047;Aut;5.040067425
2048;Little auk;Isfjorden;2048;Aut;4.528702712
2049;Little auk;Isfjorden;2049;Aut;5.254729879
2050;Little auk;Isfjorden;2050;Aut;4.905067859
1980;Little auk;Kongsfjorden;1980;Aut;0.492742986
1981;Little auk;Kongsfjorden;1981;Aut;0.563293063
1982;Little auk;Kongsfjorden;1982;Aut;-0.142958249
1983;Little auk;Kongsfjorden;1983;Aut;1.142358661
1984;Little auk;Kongsfjorden;1984;Aut;1.52601279
1985;Little auk;Kongsfjorden;1985;Aut;2.036665984
1986;Little auk;Kongsfjorden;1986;Aut;0.668841356
1987;Little auk;Kongsfjorden;1987;Aut;-0.305736517
1988;Little auk;Kongsfjorden;1988;Aut;0.684510196
1989;Little auk;Kongsfjorden;1989;Aut;0.557758947
1990;Little auk;Kongsfjorden;1990;Aut;2.093503759
1991;Little auk;Kongsfjorden;1991;Aut;1.19184019
1992;Little auk;Kongsfjorden;1992;Aut;0.629807995
1993;Little auk;Kongsfjorden;1993;Aut;1.503996556
1994;Little auk;Kongsfjorden;1994;Aut;0.176902722
1995;Little auk;Kongsfjorden;1995;Aut;-0.135481508
1996;Little auk;Kongsfjorden;1996;Aut;1.296847436
1997;Little auk;Kongsfjorden;1997;Aut;0.447287414
1998;Little auk;Kongsfjorden;1998;Aut;1.734405452
1999;Little auk;Kongsfjorden;1999;Aut;1.189490665
2000;Little auk;Kongsfjorden;2000;Aut;1.364993647
2001;Little auk;Kongsfjorden;2001;Aut;2.419450657
2002;Little auk;Kongsfjorden;2002;Aut;2.828936702
2003;Little auk;Kongsfjorden;2003;Aut;1.963864825
2004;Little auk;Kongsfjorden;2004;Aut;3.136281922
2005;Little auk;Kongsfjorden;2005;Aut;1.163378906
2006;Little auk;Kongsfjorden;2006;Aut;2.264369382
2007;Little auk;Kongsfjorden;2007;Aut;0.861065083
2008;Little auk;Kongsfjorden;2008;Aut;1.672731592
2009;Little auk;Kongsfjorden;2009;Aut;1.716915795
2010;Little auk;Kongsfjorden;2010;Aut;1.842215064
2011;Little auk;Kongsfjorden;2011;Aut;2.192033403
2012;Little auk;Kongsfjorden;2012;Aut;1.965831338
2013;Little auk;Kongsfjorden;2013;Aut;3.078820407
2014;Little auk;Kongsfjorden;2014;Aut;2.070373929
2015;Little auk;Kongsfjorden;2015;Aut;2.347578808
2016;Little auk;Kongsfjorden;2016;Aut;1.004647597
2017;Little auk;Kongsfjorden;2017;Aut;1.576030378
2018;Little auk;Kongsfjorden;2018;Aut;1.80184313
2019;Little auk;Kongsfjorden;2019;Aut;1.83894253
2020;Little auk;Kongsfjorden;2020;Aut;2.755296539
2021;Little auk;Kongsfjorden;2021;Aut;3.231762958
2022;Little auk;Kongsfjorden;2022;Aut;2.518848444
2023;Little auk;Kongsfjorden;2023;Aut;1.652336662
2024;Little auk;Kongsfjorden;2024;Aut;2.471178805
2025;Little auk;Kongsfjorden;2025;Aut;2.649270203
2026;Little auk;Kongsfjorden;2026;Aut;3.658972562
2027;Little auk;Kongsfjorden;2027;Aut;3.096472824
2028;Little auk;Kongsfjorden;2028;Aut;2.737235383
2029;Little auk;Kongsfjorden;2029;Aut;3.323524918
2030;Little auk;Kongsfjorden;2030;Aut;2.803634808
2031;Little auk;Kongsfjorden;2031;Aut;2.880101226
2032;Little auk;Kongsfjorden;2032;Aut;2.925626365
2033;Little auk;Kongsfjorden;2033;Aut;2.494247207
2034;Little auk;Kongsfjorden;2034;Aut;3.275321058
2035;Little auk;Kongsfjorden;2035;Aut;3.209376838
2036;Little auk;Kongsfjorden;2036;Aut;2.868184539
2037;Little auk;Kongsfjorden;2037;Aut;3.486128875
2038;Little auk;Kongsfjorden;2038;Aut;3.832930633
2039;Little auk;Kongsfjorden;2039;Aut;3.212492387
2040;Little auk;Kongsfjorden;2040;Aut;4.14508201
2041;Little auk;Kongsfjorden;2041;Aut;3.368851069
2042;Little auk;Kongsfjorden;2042;Aut;3.650206601
2043;Little auk;Kongsfjorden;2043;Aut;3.290598223
2044;Little auk;Kongsfjorden;2044;Aut;3.403723538
2045;Little auk;Kongsfjorden;2045;Aut;3.772376145
2046;Little auk;Kongsfjorden;2046;Aut;3.976091282
2047;Little auk;Kongsfjorden;2047;Aut;4.20210171
2048;Little auk;Kongsfjorden;2048;Aut;3.789077726
2049;Little auk;Kongsfjorden;2049;Aut;4.487638871
2050;Little auk;Kongsfjorden;2050;Aut;3.870574229
